cell,cluster
AAACAAGTATCTCCCA-1,_0_
AAACACCAATAACTGC-1,_1_
AAACAGAGCGACTCCT-1,_4_
AAACAGGGTCTATATT-1,_0_
AAACAGTGTTCCTGGG-1,_1_
AAACATTTCCCGGATT-1,_2_
AAACCCGAACGAAATC-1,_0_
AAACCGGGTAGGTACC-1,_3_
AAACCTAAGCAGCCGG-1,_2_
AAACCTCATGAAGTTG-1,_3_
AAACGAAGAACATACC-1,_6_
AAACGAGACGGTTGAT-1,_3_
AAACGGGCGTACGGGT-1,_2_
AAACGGTTGCGAACTG-1,_1_
AAACGTGTTCGCCCTA-1,_4_
AAACTAACGTGGCGAC-1,_4_
AAACTCGGTTCGCAAT-1,_2_
AAACTCGTGATATAAG-1,_4_
AAACTGCTGGCTCCAA-1,_7_
AAACTTAATTGCACGC-1,_1_
AAACTTGCAAACGTAT-1,_7_
AAAGAATGTGGACTAA-1,_2_
AAAGACCCAAGTCGCG-1,_5_
AAAGACTGGGCGCTTT-1,_7_
AAAGCTTGCCTACATA-1,_0_
AAAGGCCCTATAATAC-1,_1_
AAAGGCTACGGACCAT-1,_8_
AAAGGCTCTCGCGCCG-1,_0_
AAAGGGATGTAGCAAG-1,_10_
AAAGGGCAGCTTGAAT-1,_0_
AAAGGTAAGCTGTACC-1,_4_
AAAGTAGCATTGCTCA-1,_0_
AAAGTCACTGATGTAA-1,_10_
AAAGTCGACCCTCAGT-1,_7_
AAAGTGTGATTTATCT-1,_0_
AAAGTTGACTCCCGTA-1,_6_
AAATAACCATACGGGA-1,_4_
AAATAAGGTAGTGCCC-1,_6_
AAATACCTATAAGCAT-1,_7_
AAATAGCTTAGACTTT-1,_6_
AAATAGGGTGCTATTG-1,_8_
AAATCCGATACACGCC-1,_2_
AAATCGTGTACCACAA-1,_3_
AAATCTAGCCCTGCTA-1,_2_
AAATGATTCGATCAGC-1,_4_
AAATGCTCGTTACGTT-1,_5_
AAATGGCATGTCTTGT-1,_10_
AAATGGCCCGTGCCCT-1,_0_
AAATGGTCAATGTGCC-1,_3_
AAATGTGGGTGCTCCT-1,_6_
AAATTAACGGGTAGCT-1,_3_
AAATTACACGACTCTG-1,_0_
AAATTACCTATCGATG-1,_4_
AAATTCCAGGTCCAAA-1,_6_
AAATTGATAGTCCTTT-1,_1_
AAATTGCGGCGGTTCT-1,_5_
AAATTGGTGAGAAGCA-1,_4_
AAATTTACCGAAATCC-1,_4_
AAATTTGCGGGTGTGG-1,_3_
AACAACTGGTAGTTGC-1,_9_
AACAATACATTGTCGA-1,_1_
AACAATTACTCTACGC-1,_3_
AACACACGCTCGCCGC-1,_2_
AACACGACTGTACTGA-1,_6_
AACACGAGACGCGGCC-1,_7_
AACACGCGGCCGCGAA-1,_5_
AACAGCTGTGTGGCAA-1,_1_
AACAGGAAATCGAATA-1,_10_
AACAGGATGGGCCGCG-1,_3_
AACAGGTAGTATGGAT-1,_0_
AACATATCAACTGGTG-1,_4_
AACATCGATACGTCTA-1,_0_
AACATTGAAGTTGATC-1,_1_
AACATTGTGACTCGAG-1,_1_
AACCAAGACTTCTCTG-1,_3_
AACCAGTATCACTCTT-1,_4_
AACCATAGGGTTGAAC-1,_1_
AACCATGGGATCGCTA-1,_5_
AACCCAGAGACGGAGA-1,_5_
AACCCATCCCATGATC-1,_1_
AACCCGACAACCCGTG-1,_1_
AACCCGAGCAGAATCG-1,_10_
AACCCGCTGTATTCCA-1,_1_
AACCCTACTGTCAATA-1,_6_
AACCCTGGTGGAACCA-1,_6_
AACCGAGCTTGGTCAT-1,_10_
AACCGCTAAGGGATGC-1,_0_
AACCGTTGTGTTTGCT-1,_10_
AACCTCGCTTTAGCCC-1,_8_
AACCTGTCACGGAATT-1,_6_
AACCTTTAAATACGGT-1,_8_
AACCTTTACGACGTCT-1,_4_
AACGATAATGCCGTAG-1,_8_
AACGATAGAAGGGCCG-1,_5_
AACGATATGTCAACTG-1,_10_
AACGCATGATCTGGGT-1,_0_
AACGCGAACGGCAACA-1,_5_
AACGCGACCTTGGGCG-1,_1_
AACGCGGTCTCCAGCC-1,_10_
AACGCTGTTGCTGAAA-1,_2_
AACGGACGTACGTATA-1,_0_
AACGGCCATCTCCGGT-1,_3_
AACGTACTGTGGGTAC-1,_3_
AACGTCAGACTAGTGG-1,_9_
AACGTCGCTGCACTTC-1,_2_
AACGTGATGAAGGACA-1,_6_
AACGTGCGAAAGTCTC-1,_3_
AACTACCCGTTTGTCA-1,_0_
AACTAGGCTTGGGTGT-1,_8_
AACTCAAGTTAATTGC-1,_3_
AACTCCAGAGCGTGTT-1,_2_
AACTCCTAATCCCATG-1,_4_
AACTCGATGGCGCAGT-1,_5_
AACTCTCAATAGAGCG-1,_7_
AACTGAGGTCAGCGTC-1,_4_
AACTGATATTAGGCCT-1,_10_
AACTGGGTCCCGACGT-1,_10_
AACTGGTGTGGGCCTT-1,_5_
AACTTCTGCGTCTATC-1,_5_
AACTTGCCCGTATGCA-1,_3_
AACTTGCGTTCTCGCG-1,_5_
AACTTTAGCTGCTGAG-1,_10_
AAGAAGGATCAGTTAG-1,_5_
AAGACATACGTGGTTT-1,_2_
AAGACCCAACTGAACA-1,_0_
AAGACTAACCCGTTGT-1,_5_
AAGACTGCAAGCTACT-1,_9_
AAGAGATGAATCGGTA-1,_0_
AAGAGCTCTTTATCGG-1,_3_
AAGAGGATGTACGCGA-1,_3_
AAGAGGCATGGATCGC-1,_0_
AAGAGGCCCTTTGGAA-1,_2_
AAGATGGCACCGGACC-1,_1_
AAGATTGGCGGAACGT-1,_4_
AAGCACCCTGCGTATC-1,_8_
AAGCATACTCTCCTGA-1,_0_
AAGCCGAAGCGGTTTA-1,_8_
AAGCCGCCGTGAAATC-1,_1_
AAGCGCAGGGCTTTGA-1,_2_
AAGCGGCGTCATGGGT-1,_0_
AAGCGTCCCTCATCGA-1,_1_
AAGCTAGATCGAGTAA-1,_7_
AAGCTCGTGCCAAGTC-1,_9_
AAGCTCTTTCATGGTG-1,_8_
AAGGAGAACTTATAAG-1,_6_
AAGGAGCGGTTGGTGC-1,_9_
AAGGATCGATCGCTTG-1,_6_
AAGGATGAGGGACCTC-1,_4_
AAGGCAGGCTGTCTCC-1,_0_
AAGGCGCGTAAAGCTT-1,_9_
AAGGCTGTGCTCATCG-1,_3_
AAGGGAACGACTGGCT-1,_1_
AAGGGACAGATTCTGT-1,_4_
AAGGGACTATGCATTC-1,_1_
AAGGTATCCTAATATA-1,_0_
AAGGTGATAAACCAGC-1,_0_
AAGTAGAAGACCGGGT-1,_5_
AAGTAGTGACGCGAGG-1,_3_
AAGTCAATTGTCGTCA-1,_6_
AAGTGACGACCGAATT-1,_3_
AAGTGAGTCGGGTTTA-1,_1_
AAGTGCCTTGACTGTA-1,_6_
AAGTGCGTTAGAATCT-1,_0_
AAGTGCTTCTCTATTG-1,_1_
AAGTGTTTGGAGACGG-1,_2_
AAGTTCACTCCAAGCT-1,_2_
AAGTTCAGTCTGCGTA-1,_4_
AAGTTCGGCCAACAGG-1,_3_
AAGTTGTGATGTTATA-1,_2_
AAGTTTACTAATGGCA-1,_6_
AAGTTTATGGGCCCAA-1,_2_
AATAACAACGCTCGGC-1,_3_
AATAACGTCGCGCCCA-1,_2_
AATAAGTCCTCGAGAC-1,_6_
AATACAATGTTTCAGG-1,_7_
AATACCGGAGGGCTGT-1,_1_
AATACCTGATGTGAAC-1,_2_
AATAGAATCTGTTTCA-1,_0_
AATAGCAAGCCTCCTG-1,_4_
AATAGCTACCGCGTGC-1,_0_
AATAGTCCGTCCCGAC-1,_8_
AATATCAAGGTCGGAT-1,_5_
AATATCGAATCAATGC-1,_8_
AATATCGAGGGTTCTC-1,_4_
AATATTGGAGTATTGA-1,_3_
AATCAGACTGCAGGAC-1,_5_
AATCAGGTTTCATTTA-1,_1_
AATCATGTAAAGACTC-1,_2_
AATCCAAGGGCCTGAG-1,_5_
AATCCATGCAAGGGTG-1,_5_
AATCGCCTCAGCGCCA-1,_0_
AATCGCGCAGAGGACT-1,_6_
AATCGGGACACTACGA-1,_10_
AATCGGTATAGCCCTC-1,_2_
AATCGTGAGCCGAGCA-1,_2_
AATCTAGGTTTACTTG-1,_0_
AATCTATGCCGGAGCC-1,_0_
AATCTGCGTTGGGACG-1,_4_
AATCTGGCTTTCTAGT-1,_0_
AATCTGGGTAGACCCT-1,_6_
AATGACAGCAATGTCT-1,_7_
AATGACTGTCAGCCGG-1,_5_
AATGAGTTCGCATATG-1,_5_
AATGATGATACGCTAT-1,_4_
AATGATGCGACTCCTG-1,_4_
AATGCAACCGGGTACC-1,_9_
AATGCACCAAGCAATG-1,_0_
AATGGTCCACCGTTCA-1,_7_
AATGGTTCTCACAAGC-1,_5_
AATGTATGGCACTGTA-1,_1_
AATGTGCCCGAGGTGT-1,_1_
AATGTGCTAATCTGAG-1,_1_
AATGTTGTCGTGAGAC-1,_2_
AATTAAAGGTCGGCGT-1,_3_
AATTAACGGATTTCCA-1,_8_
AATTCATAAGGGATCT-1,_4_
AATTCATTGTCATGCA-1,_1_
AATTCCAAGCATGTAC-1,_0_
AATTCGATTCGAGGAT-1,_2_
AATTGCAGCAATCGAC-1,_2_
AATTGCGTGGATTACA-1,_1_
AATTTGGGACATAGTA-1,_4_
AATTTGGTTCCAAAGA-1,_10_
ACAAACCATGCGTCCT-1,_1_
ACAAAGCATGACCTAG-1,_2_
ACAAATCGCACCGAAT-1,_0_
ACAAATTCAGATCTGA-1,_4_
ACAACAGCATGAGCTA-1,_9_
ACAACGGTCCCTGCGA-1,_5_
ACAAGCAGTGCCTAGC-1,_3_
ACAAGGAAATCCGCCC-1,_2_
ACAAGGACAAGAGGTT-1,_0_
ACAAGGATGCTTTAGG-1,_2_
ACAATAGTCGTACGTT-1,_7_
ACAATCCATTTAAACC-1,_3_
ACAATCGATCTTTATA-1,_6_
ACAATGAATACGGAGA-1,_1_
ACAATGATTCTTCTAC-1,_4_
ACAATTGTGTCTCTTT-1,_2_
ACAATTTGAGCAGTGG-1,_0_
ACACAAAGACGGGTGG-1,_10_
ACACACCAGGACCAGT-1,_1_
ACACACTTTCTACACG-1,_10_
ACACATGATCAAATCT-1,_1_
ACACATTTCCGTAGAC-1,_1_
ACACCACATAATTAGC-1,_6_
ACACCCAGCATGCAGC-1,_0_
ACACCCGAGAAATCCG-1,_5_
ACACCGGTCTGACCGC-1,_1_
ACACCTTAAGTAGGGC-1,_0_
ACACCTTACTACTTGC-1,_6_
ACACGAGACTCCTTCT-1,_9_
ACACGGCACTATGCAT-1,_6_
ACACGGGAACTTAGGG-1,_9_
ACACGTAGGCCACAAG-1,_6_
ACACTCCAATGTCACT-1,_0_
ACACTGGGACAGTCGT-1,_6_
ACAGAACTGAGAACAA-1,_7_
ACAGATTAGGTTAGTG-1,_10_
ACAGCATAGAGCCAGT-1,_10_
ACAGCGACATTCTCAT-1,_2_
ACAGCGCACCCGCAGC-1,_6_
ACAGGCACGGATCCTT-1,_2_
ACAGGCTTGCCCGACT-1,_2_
ACAGTAATACAACTTG-1,_0_
ACAGTATACCGTGGGA-1,_4_
ACATAATAAGGCGGTG-1,_5_
ACATCCCGGCCATACG-1,_0_
ACATCCTGGTAACTGT-1,_6_
ACATCGATCGTTTACC-1,_3_
ACATCGGTCAGCCGCG-1,_3_
ACATCGTTAACCTAGT-1,_6_
ACATCTCAACGCGTAA-1,_6_
ACATGGCGCCAAAGTA-1,_6_
ACATGGCTCAATTTAG-1,_5_
ACATTTGAAACCTAAC-1,_2_
ACCAAACACCCAGCGA-1,_0_
ACCAAACTAGAAATCC-1,_6_
ACCAACACCACACACT-1,_4_
ACCAACCGCACTCCAC-1,_2_
ACCAAGAACGCGTGTC-1,_5_
ACCAAGTCATCGGCAG-1,_2_
ACCAATATGCAAGTTA-1,_8_
ACCACAACTCAGAACA-1,_6_
ACCACAAGTTTCTATC-1,_9_
ACCACACGGTTGATGG-1,_1_
ACCACCAATGTAACAA-1,_6_
ACCACCCTCTCTTCTA-1,_4_
ACCACGTGCAGCTATA-1,_7_
ACCAGCCCGGTCTTTG-1,_6_
ACCAGGAGTGTGATCT-1,_6_
ACCAGTGCCCGGTCAA-1,_4_
ACCAGTGCGGGAGACG-1,_0_
ACCATATCCGCAATAA-1,_3_
ACCATCCGCCAACTAG-1,_7_
ACCATCGTATATGGTA-1,_3_
ACCCAACGCCCGTGGC-1,_7_
ACCCACCTACATGCTC-1,_0_
ACCCATCTTGAGGGTA-1,_3_
ACCCATTTGTCCCTCT-1,_2_
ACCCGAGCGAAATTAC-1,_1_
ACCCGATTGGTTCCGA-1,_1_
ACCCGGAAACTCCCAG-1,_8_
ACCCGGATGACGCATC-1,_6_
ACCCGGTTACACTTCC-1,_3_
ACCCGTAGTCTAGTTG-1,_2_
ACCCGTGTCATCAGTA-1,_0_
ACCCTATAGGACTGAG-1,_0_
ACCCTCCCGTCAGGGC-1,_2_
ACCCTCCCTTGCTATT-1,_0_
ACCCTGGTAACGCCCT-1,_4_
ACCCTTCATCTGCGAA-1,_10_
ACCCTTTAGTTCTCCA-1,_6_
ACCGAAAGGGCCCTGC-1,_10_
ACCGAAGAGTCTGGTT-1,_0_
ACCGACACATCTCCCA-1,_8_
ACCGACTGAGTCCCAC-1,_9_
ACCGAGTCTCCTTATT-1,_2_
ACCGATAGGCATAACC-1,_6_
ACCGATATTTAATCAT-1,_0_
ACCGATGGTAGCATCG-1,_7_
ACCGCAATAACTGCCT-1,_0_
ACCGCGGTGGAAGTCG-1,_6_
ACCGGGCCTTTGTTGA-1,_6_
ACCGGTCAGGTACACC-1,_1_
ACCGTGACCACGTGGG-1,_1_
ACCGTTCCCGCTCTGA-1,_6_
ACCTAAGTACCTTTCA-1,_7_
ACCTAATCGACTTCCT-1,_3_
ACCTACAGTATGTGGT-1,_6_
ACCTACTATAAATCTA-1,_1_
ACCTCCGCCCTCGCTG-1,_6_
ACCTCCGTTATTCACC-1,_6_
ACCTCGAACTTATGCT-1,_1_
ACCTGCGTGTCATGTT-1,_7_
ACCTTTCCTTTAGAAG-1,_6_
ACGAAATGGGCGGCAC-1,_3_
ACGACTCTAGGGCCGA-1,_2_
ACGACTGGTCATACTC-1,_1_
ACGAGAACCCATCACG-1,_5_
ACGAGATATTTGCTTA-1,_6_
ACGAGGATACCACTCT-1,_7_
ACGAGGTTTACAACGT-1,_1_
ACGAGTACGGATGCCC-1,_4_
ACGATACATAGAACTA-1,_0_
ACGATCATACATAGAG-1,_9_
ACGATCATCTTGTAAA-1,_6_
ACGATGCATATGTTAT-1,_3_
ACGATGGATCCGATGC-1,_6_
ACGCAAACTAATAGAT-1,_1_
ACGCAATCACTACAGC-1,_4_
ACGCATAAATGACATG-1,_4_
ACGCATACGTTTACTA-1,_2_
ACGCATTCGTGAGTAC-1,_9_
ACGCCACTCGAAACAG-1,_1_
ACGCCAGATGATTTCT-1,_0_
ACGCCAGTGCGTTTGC-1,_2_
ACGCCCAGCTGTCGAT-1,_6_
ACGCCGCTAGACGACC-1,_7_
ACGCGCTACACAGGGT-1,_3_
ACGCGGGCCAAGGACA-1,_9_
ACGCTAGTGATACACT-1,_4_
ACGCTGTGAGGCGTAG-1,_7_
ACGCTTAGTGTCTCTC-1,_6_
ACGGAACACGAGTGCC-1,_2_
ACGGAATTTAGCAAAT-1,_5_
ACGGACTCTCAAAGCG-1,_8_
ACGGAGCGCAAATTAC-1,_4_
ACGGATGGTGCGGATA-1,_8_
ACGGCGACGATGGGAA-1,_7_
ACGGCGGGTTGCCCTG-1,_5_
ACGGCTGGATGTAGAA-1,_1_
ACGGGAGTGTCGGCCC-1,_7_
ACGGGCGTATGCGACA-1,_4_
ACGGTACAGTTCAATG-1,_2_
ACGGTCACCGAGAACA-1,_1_
ACGTACAGATTTCTCT-1,_10_
ACGTACTTTGGCACGG-1,_1_
ACGTAGATTGCTGATG-1,_9_
ACGTAGGAGAGTCGCT-1,_2_
ACGTATTACTCCGATC-1,_6_
ACGTCCTAAACGAGAT-1,_6_
ACGTGCGCCTCGTGCA-1,_5_
ACGTTAATGTCGAAGA-1,_3_
ACGTTAGATTTGCCCG-1,_3_
ACGTTATTGGTCACTC-1,_5_
ACGTTCCGCGCTCCGT-1,_10_
ACGTTCGCAATCAATT-1,_6_
ACGTTCGTTCAGGAAA-1,_1_
ACGTTCTGTACAAGTC-1,_2_
ACGTTTAGTTGTGATC-1,_10_
ACTAATACGTCAGGCG-1,_4_
ACTACAAAGAGAGGTG-1,_1_
ACTACATCCCGACAAG-1,_1_
ACTACCAGCTCTCTGG-1,_9_
ACTACGCGTTAGAATT-1,_8_
ACTAGTTGCGATCGTC-1,_0_
ACTATATGCTGTGTTC-1,_0_
ACTATCCAGGGCATGG-1,_6_
ACTATCTGCCCGCGTA-1,_0_
ACTATGTCCAGCTGCC-1,_1_
ACTATTCGTCCGTGGT-1,_10_
ACTATTTCCGGGCCCA-1,_1_
ACTCAACGAATGTATT-1,_5_
ACTCAAGTGCAAGGCT-1,_2_
ACTCAATAAAGGCACG-1,_9_
ACTCAGACCTGCTTCT-1,_5_
ACTCATGGCAGCCTTC-1,_1_
ACTCCAATATCATCAT-1,_1_
ACTCCCATTCCTAAAG-1,_0_
ACTCCCGAATTCGTTT-1,_2_
ACTCCCGTAGACTAGG-1,_4_
ACTCCCTAATGCTAAA-1,_8_
ACTCCGGCCGACCACT-1,_2_
ACTCGCCGTTCGATAA-1,_2_
ACTCGTAACCCGTCCT-1,_7_
ACTCGTCAGTAATCCC-1,_3_
ACTCTCTGACTTAGGT-1,_1_
ACTCTCTTATACACGA-1,_6_
ACTCTGACCTAATAGA-1,_2_
ACTCTTGTATAGTAAC-1,_9_
ACTGAAACGCCGTTAG-1,_2_
ACTGAATGGCGAAAGT-1,_0_
ACTGATTTAGTGATTC-1,_6_
ACTGCCCGCCATTCTC-1,_1_
ACTGCCGTCGTAACTC-1,_10_
ACTGCGGACACACCGT-1,_6_
ACTGGGATGCCAGTGC-1,_1_
ACTGTACGATACACAT-1,_9_
ACTGTAGCACTTTGGA-1,_9_
ACTGTATACGCGAGCA-1,_5_
ACTGTCCAGGATTATA-1,_3_
ACTGTCTTCTTTAGAA-1,_9_
ACTGTGCTAGTAGATC-1,_5_
ACTGTTTAGTGTAGGC-1,_6_
ACTTACCGGGCGCGCA-1,_4_
ACTTACGCATCCACGC-1,_8_
ACTTAGTACGACAAGA-1,_5_
ACTTATACTTACCCGG-1,_7_
ACTTATTAGGATCGGT-1,_3_
ACTTATTTATGTGCCA-1,_1_
ACTTCAGGCTGATCCC-1,_0_
ACTTCCATGCGGGACA-1,_2_
ACTTCGCCATACGCAC-1,_9_
ACTTGACTCCCTCTTT-1,_7_
ACTTGCCATATTGTAC-1,_6_
ACTTGGGACCCGGTGG-1,_9_
ACTTGTAGTCCCTTCA-1,_4_
ACTTGTGGATGGAACG-1,_0_
ACTTGTTACCGGATCA-1,_1_
ACTTTACCCTCATGAA-1,_6_
ACTTTCCTATAGCTTC-1,_9_
ACTTTGACTGCATCCT-1,_7_
ACTTTGGTCGTGCTCC-1,_1_
AGAAATTATGACTCGC-1,_0_
AGAACCCTCAATTGGG-1,_1_
AGAACGTGGTACATTC-1,_9_
AGAACTGTACTTTGTA-1,_2_
AGAAGAGCGCCGTTCC-1,_4_
AGAAGGTACACTTCAC-1,_0_
AGAAGGTTGCCGAATT-1,_3_
AGAAGGTTGTAGGTCG-1,_2_
AGAAGTGATTCGTGAT-1,_7_
AGAATACAGGCTATCC-1,_2_
AGAATGCGGGTTCGGA-1,_4_
AGAATTATGGATTCGA-1,_4_
AGAATTGTTTGACATA-1,_5_
AGACATAGATCCTTCC-1,_5_
AGACCATGGGATACAA-1,_5_
AGACCCGCCCTCCTCG-1,_10_
AGACCGCTCCGCGGTT-1,_0_
AGACCGGGAAACCCTG-1,_0_
AGACGAAGTGCCGGTC-1,_0_
AGACGACGATGCCGCT-1,_1_
AGACGGGCCGATTTAA-1,_4_
AGACTAGCCTTCCAGA-1,_9_
AGACTGTTACCGGGTC-1,_1_
AGAGAAACACCAGAAA-1,_1_
AGAGAACCGTCTAGGA-1,_7_
AGAGAAGGAGTACAAT-1,_1_
AGAGATCTCTAAAGCG-1,_7_
AGAGCAGTTATGAGAC-1,_7_
AGAGCCGCCGAGATTT-1,_6_
AGAGCGGGCTAATCAT-1,_5_
AGAGCGTACAAGCTCG-1,_0_
AGAGCTACGAAAGCAT-1,_5_
AGAGGCTTCGGAAACC-1,_0_
AGAGGGACAATTGTCC-1,_4_
AGAGGTATCTCGGTCC-1,_6_
AGAGTAAACTTCACTA-1,_8_
AGAGTATAGTGTTACG-1,_0_
AGAGTTAGAGACCGAT-1,_4_
AGATAACTTCAGGGCC-1,_0_
AGATACCAATAGAACC-1,_2_
AGATACCAGCACTTCA-1,_4_
AGATACCGGTGTTCAC-1,_3_
AGATACGACTTCATAT-1,_5_
AGATATAATACGACTA-1,_8_
AGATCGTGCATAAGAT-1,_4_
AGATCTCAGGTGTGAT-1,_9_
AGATGACTCGCCCACG-1,_5_
AGATGAGGGTTGCGAT-1,_4_
AGATGATGGAGTCTGG-1,_6_
AGATGCAAGACGTGCA-1,_1_
AGATTATAGGACGTTT-1,_3_
AGATTCACAACCGATA-1,_0_
AGCAAAGGCCGCTAGT-1,_8_
AGCAACATATCTTATT-1,_1_
AGCAACCGAAAGTAAT-1,_0_
AGCACACGTTTAGACT-1,_1_
AGCACCAGTACTCACG-1,_9_
AGCACTACCGGCCTGT-1,_7_
AGCACTACCTCACCAG-1,_8_
AGCACTTAAGGACGCC-1,_3_
AGCAGAAGGAGAAAGA-1,_8_
AGCAGCCAGATGAATA-1,_8_
AGCAGTCGAAGCATGC-1,_2_
AGCATATCAATATGCT-1,_2_
AGCATCATTTCGAAAG-1,_0_
AGCATCGTCGATAATT-1,_5_
AGCATTACGAGGCAAG-1,_2_
AGCCAAGCTTTGTGTC-1,_8_
AGCCACAGGTTACCCG-1,_2_
AGCCACTCCCGTGCTT-1,_0_
AGCCATATAGTATGTG-1,_1_
AGCCCATACATGTAAG-1,_3_
AGCCCGCAACAAGCAG-1,_1_
AGCCCGCACTACAATG-1,_2_
AGCCCGGCATTAGAGG-1,_1_
AGCCCGGTAGCCTGTA-1,_1_
AGCCCTAAGCGAAGTT-1,_10_
AGCCCTCCCTGGTGGC-1,_1_
AGCCCTTCTAATCCGA-1,_4_
AGCCCTTGGACATCCC-1,_6_
AGCCGTGGCTAAATGT-1,_7_
AGCCTAATACCCACGT-1,_0_
AGCCTTAAAGCGGAAG-1,_0_
AGCGACATCCCATTCA-1,_5_
AGCGACCAACGATATT-1,_10_
AGCGAGACGTGAAGGC-1,_1_
AGCGATGCGCCTAATA-1,_2_
AGCGCATAATGAATCG-1,_0_
AGCGCGGGTGCCAATG-1,_4_
AGCGCTTATGGGCAAG-1,_4_
AGCGGACACTTCGTAG-1,_8_
AGCGGCGGTTAGCGGT-1,_0_
AGCGGGAAGGGTCCAT-1,_5_
AGCGGGTCTGACACTC-1,_8_
AGCGGTTGCCGCTCTG-1,_4_
AGCGTACGAGAGCTAG-1,_5_
AGCGTCTGAACCCGCA-1,_10_
AGCTAACAAGCAATGT-1,_1_
AGCTAAGTACGCAGGC-1,_2_
AGCTAGAAGCAGAAGT-1,_0_
AGCTATTTAATCCAAC-1,_0_
AGCTCCATATATGTTC-1,_6_
AGCTCCTTCGCACATC-1,_2_
AGCTCTAGACGTTCCA-1,_3_
AGCTCTTCCCAGTGCA-1,_4_
AGCTCTTCGTAACCTT-1,_6_
AGCTCTTTACTCAGTT-1,_3_
AGCTGAAGTAAACCAA-1,_0_
AGCTGTAACCTCAATC-1,_1_
AGCTTATAGAGACCTG-1,_10_
AGCTTCTTCTCGAGCA-1,_2_
AGCTTGATCTTAACTT-1,_3_
AGGAAGCTGTCCGCCG-1,_8_
AGGACATCGCACGTCG-1,_5_
AGGACGACCCATTAGA-1,_3_
AGGACGCTCGATGTTG-1,_4_
AGGAGACATCCACAGT-1,_4_
AGGAGGCCTTCGCGCG-1,_2_
AGGATAAAGTCGGGAT-1,_8_
AGGATATAGGGATTTA-1,_0_
AGGATATCCGACTGCA-1,_2_
AGGATCACGCGATCTG-1,_0_
AGGATTGCTTACGACA-1,_0_
AGGCACGTGACTGTCC-1,_6_
AGGCAGATGCGTAAAC-1,_7_
AGGCAGGGAGCGTACT-1,_1_
AGGCATTGTCGTAGGG-1,_0_
AGGCCACCCGTTATGA-1,_0_
AGGCCCAGTGACTGGT-1,_5_
AGGCCCATTGTACAGG-1,_5_
AGGCCCTAGAACGCCA-1,_0_
AGGCCTATCATACCAA-1,_1_
AGGCCTGAGAATCTCG-1,_2_
AGGCGGTTTGTCCCGC-1,_1_
AGGCGTCTATGGACGG-1,_0_
AGGCTATGGTTAGCTT-1,_0_
AGGCTTGCTAGACACC-1,_7_
AGGGAAACGAGGTACT-1,_4_
AGGGACCGGCTGCGTT-1,_6_
AGGGAGACATACTTCG-1,_0_
AGGGCAGCGGCGTGGT-1,_6_
AGGGCGAGCAGCTGAT-1,_7_
AGGGCGTGATCGGCTA-1,_5_
AGGGCTGCAGTTACAG-1,_9_
AGGGTCAGAGCACTCG-1,_1_
AGGGTCAGTAACCCTA-1,_4_
AGGGTCGATGCGAACT-1,_3_
AGGGTGCCGTTCTTTA-1,_1_
AGGGTGCTCTCGAGGG-1,_7_
AGGGTTCAGACGGTCC-1,_1_
AGGGTTCCCTTTGGTT-1,_0_
AGGGTTTAGTTCGGGA-1,_9_
AGGTAACCTCCTATTC-1,_5_
AGGTACGATATTGCCA-1,_6_
AGGTAGATCGAGATAT-1,_1_
AGGTAGGTACAAAGCT-1,_3_
AGGTATAATTGATAGT-1,_6_
AGGTCAGGTGAGAGTG-1,_7_
AGGTCGCGGAGTTACT-1,_4_
AGGTGCACGTCCACAT-1,_2_
AGGTGGTGACCTTCGC-1,_8_
AGGTGTATCGCCATGA-1,_7_
AGGTTACACCATGCCG-1,_0_
AGGTTCTCCTTTCCGG-1,_1_
AGGTTGAGGCACGCTT-1,_10_
AGGTTTCACACACCTT-1,_3_
AGTAACGTTCATCCTG-1,_4_
AGTAACTATAGCAGCC-1,_2_
AGTAATCTAAGGGTGG-1,_2_
AGTAATGTCTTGCCGC-1,_5_
AGTAATTTGCAAGCGT-1,_1_
AGTACAGAAGCTTATA-1,_2_
AGTACATCATTTATCA-1,_0_
AGTACCTTCGAGTGCT-1,_4_
AGTACGGGCACCTGGC-1,_9_
AGTACGTGGCCTGTCT-1,_6_
AGTACTCTTATGCCCA-1,_2_
AGTAGAAGGCGCCTCA-1,_1_
AGTAGCGTGAACGAAC-1,_6_
AGTAGGAAGGAAGTTG-1,_4_
AGTAGGTAACATACAT-1,_5_
AGTATAATACTAGGCA-1,_0_
AGTATACACAGCGACA-1,_1_
AGTATCCATAATAACG-1,_5_
AGTATGCTGGAGACCA-1,_1_
AGTCAAATGATGTGAT-1,_1_
AGTCAACACCACCATC-1,_3_
AGTCAAGATGACACTT-1,_0_
AGTCACTAGCTCTCGA-1,_2_
AGTCACTCCGCCTCAT-1,_5_
AGTCAGCCACCGCCTG-1,_5_
AGTCCAGCGGGTACGT-1,_5_
AGTCCATTGGCTGATG-1,_6_
AGTCCCGCCTTTAATT-1,_4_
AGTCGACGGTCTCAAG-1,_1_
AGTCGGCCCAAACGAC-1,_9_
AGTCGGCTCAACTTTA-1,_7_
AGTCGGTTGCGTGAGA-1,_6_
AGTCGTATAAAGCAGA-1,_2_
AGTCGTCGACCACCAA-1,_2_
AGTCGTGGGCATTACG-1,_0_
AGTCTAAAGTATACTC-1,_0_
AGTCTCACAAGACTAC-1,_1_
AGTCTGGACATCCTTG-1,_5_
AGTCTTCTCCTCAAAT-1,_10_
AGTCTTTAAAGTGTCC-1,_2_
AGTGAACAAACTTCTC-1,_6_
AGTGAAGATGGTGTCC-1,_4_
AGTGACCTACTTTACG-1,_3_
AGTGACTGTGACACAA-1,_1_
AGTGAGACTTCCAGTA-1,_7_
AGTGAGCCTCGCCGCC-1,_4_
AGTGAGGGTTTCTGAC-1,_6_
AGTGAGTCGAATTAAC-1,_2_
AGTGATAACCTGCGCG-1,_2_
AGTGATATGAGTAGTT-1,_3_
AGTGATTCAAGCAGGA-1,_4_
AGTGCACGCTTAAGAA-1,_2_
AGTGCGTAGCTCGTAA-1,_3_
AGTGCTAAACACAGCA-1,_2_
AGTGCTTGCACGAATA-1,_1_
AGTGGCCCGCAAATGG-1,_2_
AGTGGCGGCAATTTGA-1,_4_
AGTGGCGTCTGAAGGT-1,_2_
AGTGGCTCCGTCGGCC-1,_7_
AGTGTATTGCGCATTG-1,_4_
AGTGTGGTCTATTGTG-1,_5_
AGTTAAACACTTGCGA-1,_3_
AGTTAAGCGGTCCCGG-1,_0_
AGTTAAGTCAACCGCT-1,_7_
AGTTACCGCACATGGT-1,_7_
AGTTACTCTATCGTGG-1,_4_
AGTTATTCAGACTGTG-1,_2_
AGTTCCTACAGAATTA-1,_9_
AGTTCCTATTTATGTT-1,_3_
AGTTCTGCGTTGTATC-1,_0_
AGTTGACATCGGCTGG-1,_5_
AGTTGACGGTCCTTGC-1,_8_
AGTTGCGGTCCTCAAC-1,_1_
AGTTGCTGACTGATAT-1,_0_
AGTTGGCAAGGCTAGA-1,_2_
AGTTTATGTAAAGACA-1,_4_
AGTTTCGCAGGTCGGA-1,_10_
AGTTTGCACCTGCCTC-1,_8_
AGTTTGGCACGGGTTG-1,_0_
AGTTTGGCCAGACCTA-1,_3_
ATAAACGGACCCGTAA-1,_7_
ATAAACGTTGCACCAC-1,_6_
ATAAAGGCTCGGTCGT-1,_3_
ATAAAGGTCAAGTACG-1,_6_
ATAAATATTAGCAGCT-1,_3_
ATAACGCCGGAGGGTC-1,_3_
ATAACGGAGTCCAACG-1,_9_
ATAACGTTACCTCCAC-1,_4_
ATAAGGTGGAGAACAT-1,_7_
ATAAGTACCCGATTGT-1,_4_
ATAAGTAGGATTCAGA-1,_4_
ATAAGTAGGGCGACTC-1,_6_
ATAAGTTACCGCGACG-1,_3_
ATAATACCGTTAGCCG-1,_0_
ATAATAGCTGTTGAAT-1,_7_
ATAATAGTGTAGGGAC-1,_0_
ATAATCTTGGAGAACC-1,_8_
ATAATTAGCTAAGTAG-1,_8_
ATACAGGCCCTCCAAT-1,_8_
ATACCACGGGCAACTT-1,_3_
ATACCAGCAAATTGCT-1,_6_
ATACCAGGCTAATAGA-1,_10_
ATACCAGGTGAGCGAT-1,_6_
ATACCGTCATCCATAA-1,_4_
ATACCTAACCAAGAAA-1,_8_
ATACGCCGGCGAAACC-1,_0_
ATACGGAACGTCGTTT-1,_1_
ATACGGGTTTCGATTG-1,_0_
ATACGTACTTAGCCAC-1,_8_
ATACGTCCACTCCTGT-1,_0_
ATACGTTATGCACGGA-1,_8_
ATACTACCCGTACCAC-1,_2_
ATACTAGCATGACCCT-1,_5_
ATACTCTCGCCACTCT-1,_5_
ATACTGCCTTACACCG-1,_8_
ATAGACAACGGGACCT-1,_4_
ATAGACGAAGAGAAAG-1,_3_
ATAGAGTACTGGGACA-1,_9_
ATAGAGTTATCAACTT-1,_4_
ATAGATTTGCAGTCGG-1,_6_
ATAGCAACTAGGGAAG-1,_2_
ATAGCCATAACAGTCA-1,_2_
ATAGCCTCAGTACCCA-1,_5_
ATAGGAATCTAAGCTT-1,_4_
ATAGGCGGCTATAGAA-1,_3_
ATAGGCTAGCTTCGCA-1,_4_
ATAGGGATATCCTTGA-1,_10_
ATAGGTTGGGCAGATG-1,_9_
ATAGTCTTTGACGTGC-1,_6_
ATAGTGAAGCGTTCTC-1,_3_
ATAGTTCCACCCACTC-1,_6_
ATATAAAGCGCTCGTG-1,_8_
ATATAAATGTAGCTGC-1,_8_
ATATAACACGGGCGCA-1,_2_
ATATACGCTCGTGACG-1,_2_
ATATAGAGTATTGGTC-1,_1_
ATATCAACCTACAGAG-1,_6_
ATATCGGTAGGGAGAT-1,_6_
ATATCGTGCCAGACCC-1,_6_
ATATCGTTCCTCGAAC-1,_2_
ATATCTCCCTCGTTAA-1,_0_
ATATCTTAGGGCCTTC-1,_3_
ATATGGGATAGCAACT-1,_1_
ATATGTCTAGAGCGTG-1,_1_
ATATGTCTCCCTAGCC-1,_0_
ATATGTGCACAAACCA-1,_4_
ATATTCAGTTAAACCT-1,_3_
ATATTCCACATAGTGA-1,_0_
ATATTCCCACAGGTCA-1,_10_
ATATTGCTGTCAAAGT-1,_0_
ATATTTAACCCTCAAG-1,_9_
ATCAAACACTGTTCCA-1,_8_
ATCAAACGAAGGTTTG-1,_7_
ATCAAGATCCCAGGAC-1,_1_
ATCAATCTGGGCTGCA-1,_9_
ATCAATGCCGTGGCTG-1,_1_
ATCACATTAGAATATC-1,_0_
ATCACGTGCTAATTAA-1,_3_
ATCACTTCATCCTCGC-1,_10_
ATCAGACGGCACGCCG-1,_3_
ATCAGCCTCATGCTGC-1,_2_
ATCAGCTCGTCCACTA-1,_0_
ATCAGGTCGCCATTGC-1,_4_
ATCAGTAGGCAGGGAT-1,_0_
ATCATAGCCCTATGTA-1,_2_
ATCATCCAATATTTGT-1,_3_
ATCATCTGCCCAGTGT-1,_6_
ATCCAACGCAGTCATA-1,_9_
ATCCAATGGAGGGTCC-1,_3_
ATCCACATCGACAGAA-1,_8_
ATCCACGCTAAATGTT-1,_6_
ATCCACTTTCAGACTA-1,_4_
ATCCAGGATTCGTGAA-1,_3_
ATCCCATCCACAGCGC-1,_1_
ATCCCATTTCCGTGGG-1,_1_
ATCCTACCTAAGCTCT-1,_3_
ATCCTGAATCGCTGCG-1,_3_
ATCCTGCGTGGAATGG-1,_3_
ATCCTGCTGCAGATAG-1,_10_
ATCGACCCAATACAGA-1,_3_
ATCGACTCTTTCCGTT-1,_10_
ATCGCACGATTGTTCA-1,_5_
ATCGCACGCCGGGAGA-1,_9_
ATCGCCAGTCAACATT-1,_6_
ATCGCTGCGTGCAGCA-1,_4_
ATCGGAGACAGACGGC-1,_0_
ATCGGCAAGCAGTCCA-1,_4_
ATCGTCCAATCGAGTC-1,_5_
ATCGTGGAAAGTCTGG-1,_1_
ATCGTTAGCTAGCGGA-1,_2_
ATCGTTCACTTTCGCC-1,_4_
ATCTAATATCCTACGG-1,_8_
ATCTACCATCTGCTCC-1,_2_
ATCTAGCTTGTGAGGG-1,_2_
ATCTCCCACGGAATAT-1,_2_
ATCTCCCTGCAATCTA-1,_10_
ATCTCGTGAGCGAAAC-1,_0_
ATCTGACATGGAAGGA-1,_1_
ATCTGCACCTCTGCGA-1,_4_
ATCTGCTGTTATCGCC-1,_1_
ATCTGGGCTGTTCTTG-1,_8_
ATCTGGTTAAGACTGT-1,_9_
ATCTGTAATTGTACCC-1,_5_
ATCTTAGGGCATTAAT-1,_1_
ATCTTATCGCACACCC-1,_2_
ATCTTGACCTGCAACG-1,_9_
ATCTTGACTTGTCCAA-1,_0_
ATCTTTCGTATAACCA-1,_0_
ATGAAGCCAAGGAGCC-1,_5_
ATGACGCCGGCTCTAA-1,_5_
ATGACGCGTTCTATCC-1,_0_
ATGACTATCAGCTGTG-1,_1_
ATGACTATGCGACATT-1,_0_
ATGAGGAGTGTTAATC-1,_0_
ATGAGGGCAGCGGCTA-1,_0_
ATGATCGGGAATAGAC-1,_5_
ATGATGCAATGGTACA-1,_3_
ATGCACGCGCTGTTCA-1,_1_
ATGCACTACCGCATTG-1,_9_
ATGCATGATCCAGGAT-1,_9_
ATGCATTCCGTGATGG-1,_6_
ATGCCAATCGCTCTGC-1,_0_
ATGCCATTTGCGACCA-1,_1_
ATGCCGGTCTTGCATA-1,_9_
ATGCCGGTTGATGGGA-1,_0_
ATGCGACAATTGGTCC-1,_4_
ATGCGACAGTCCCATT-1,_9_
ATGCGAGTCCCACCAC-1,_8_
ATGCTCAGTGTTGCAT-1,_5_
ATGCTCTGGCGCGGTA-1,_8_
ATGCTTAGGAGTTGAT-1,_6_
ATGGAACCTTTGCACA-1,_6_
ATGGAGCAGGCCGTGA-1,_3_
ATGGATCCGGCGTCCG-1,_0_
ATGGATTGACCAAACG-1,_9_
ATGGCAGCATTACGAT-1,_1_
ATGGCTGGAAATGGCC-1,_4_
ATGGGAACGGAAGCGG-1,_4_
ATGGGACCTGCTGAAC-1,_1_
ATGGGCCTCGGCCTCT-1,_1_
ATGGGTGTATACCTCC-1,_1_
ATGGTATTGGGAACCG-1,_1_
ATGGTATTTACTGATT-1,_1_
ATGGTCGCGTGGTTTC-1,_1_
ATGGTGCTCAAAGCCA-1,_6_
ATGGTTACGAAACATG-1,_4_
ATGTAAGGCTGCTCTT-1,_6_
ATGTACATGCGGTGAG-1,_2_
ATGTACGATGACGTCG-1,_8_
ATGTAGCGCGCGTAGG-1,_2_
ATGTGAAAGCCTAATG-1,_7_
ATGTGCATCCGACGCA-1,_10_
ATGTGTAGTTTAGTCA-1,_6_
ATGTTACGAGCAATAC-1,_5_
ATGTTGATTAGAGACT-1,_2_
ATGTTGTAGTCTGTTT-1,_1_
ATTAAACATGCGGACC-1,_3_
ATTAATACTACGCGGG-1,_10_
ATTAATGAACCAGTCG-1,_0_
ATTAATTCGGTCACTC-1,_10_
ATTACAACTACCGGCC-1,_6_
ATTACATGTCAGTCTT-1,_0_
ATTACCACACTGCCTG-1,_0_
ATTACGACTCCACAGT-1,_4_
ATTACGCGCTGGCAGG-1,_3_
ATTACTAGCCTCTTGC-1,_5_
ATTACTTACTGGGCAT-1,_4_
ATTAGATTCCTCAGCA-1,_4_
ATTAGATTGATAGCGG-1,_5_
ATTAGGCGATGCTTTC-1,_3_
ATTATACTTTGCTCGT-1,_0_
ATTATAGCTACTTTAC-1,_6_
ATTATCGGAATGTACG-1,_1_
ATTATCTCGACAGATC-1,_6_
ATTATGAGACCCAATT-1,_1_
ATTATGCCATAGGGAG-1,_5_
ATTATTATGTCCGTCA-1,_1_
ATTATTCAGAGTCACT-1,_2_
ATTCAACCATTTAAGG-1,_2_
ATTCACTGATGTTGGA-1,_8_
ATTCAGGACCTATTTC-1,_0_
ATTCAGTAGCAGGGTC-1,_7_
ATTCATATACTGTCCA-1,_0_
ATTCATCGTTGAGGCA-1,_2_
ATTCCCACATAAACAA-1,_7_
ATTCCTAAGACGTGGA-1,_0_
ATTCCTCCGCCAGTGC-1,_0_
ATTCCTTCCAGGCGGT-1,_5_
ATTCGACGCCGGGCCT-1,_3_
ATTCGCGCCTTGAGAG-1,_2_
ATTCGTGCTATCTCTT-1,_6_
ATTCGTTTATCGTATT-1,_2_
ATTCTCGTCTCTTTAG-1,_10_
ATTCTGAGTATGAACT-1,_6_
ATTCTTCGTACTTATG-1,_6_
ATTGAAGATCTTAGTG-1,_3_
ATTGACCGGCGATGAC-1,_0_
ATTGACGTAACTCGGT-1,_6_
ATTGATAGCAACGAGA-1,_5_
ATTGATGAGTCCTAAC-1,_0_
ATTGCCTATTAGACCG-1,_1_
ATTGCCTTTATGTTTG-1,_2_
ATTGCGATCAGTAACT-1,_2_
ATTGCTGCTCCTCCAT-1,_3_
ATTGGATTACAGCGTA-1,_2_
ATTGGGAATATCTTGG-1,_5_
ATTGGGAGTTCTGTAA-1,_4_
ATTGGTTGTGCATTAC-1,_2_
ATTGTACAACTCGGCT-1,_6_
ATTGTCGCAATACCTT-1,_0_
ATTGTCTGTTTCATGT-1,_1_
ATTGTGACTTCGCTGC-1,_4_
ATTTAACTCGTATTAC-1,_5_
ATTTACAGTTTACTGG-1,_3_
ATTTACTAAGTCCATT-1,_6_
ATTTATACTGGTAAAG-1,_1_
ATTTCATTATTTCGCG-1,_8_
ATTTCCGGGTTCTGCG-1,_1_
ATTTGCCTAGTTACGA-1,_6_
ATTTGCGCGAGTAGCT-1,_1_
ATTTGTCTTGGGAGCT-1,_1_
ATTTGTTCCAGGGCTC-1,_0_
CAAACCCTCCGGCGGG-1,_2_
CAAACGAGTATCGCAG-1,_3_
CAAACGGTCGCACTTT-1,_0_
CAAACGTGGTCTTGCG-1,_6_
CAAACTACGATAGAGA-1,_0_
CAAACTATTGAGCTTC-1,_6_
CAAACTCGCGACGCCG-1,_0_
CAAAGATTATTGGGCC-1,_1_
CAAAGGTTAAATTCAG-1,_6_
CAAATCTCTCACAAGG-1,_3_
CAAATGCGGAGTGTTC-1,_6_
CAAATGTCCTTCCGTG-1,_3_
CAAATTGGATTATGCC-1,_4_
CAAATTGTCAGCAAGC-1,_0_
CAACACATCTCCTGCC-1,_6_
CAACAGTGCCAAACGG-1,_6_
CAACCAGTGGCCTACC-1,_6_
CAACCTACCGAGCAGT-1,_2_
CAACCTGAACCTGCCA-1,_4_
CAACGACCCGTTTACA-1,_5_
CAACGGTTCTTGATAC-1,_5_
CAACGTGGTGGAGTCT-1,_0_
CAACTATATCGAATGC-1,_10_
CAACTCCAACGTTTAG-1,_6_
CAACTCCGTAACTTGC-1,_4_
CAACTCCTTGATCCCG-1,_5_
CAACTGAGGGTATGAC-1,_4_
CAACTGCTCATCCGAT-1,_8_
CAACTTGTAGTGGGCA-1,_5_
CAAGAAACCCTAAACT-1,_4_
CAAGATATTATAACGT-1,_1_
CAAGCAACGTCGGAGT-1,_3_
CAAGCACCAAATGCCT-1,_0_
CAAGCGGCACATAATT-1,_8_
CAAGGATCGCATGTTC-1,_3_
CAAGGCCAGTGGTGCA-1,_2_
CAAGGTCCTATAGGCT-1,_6_
CAAGTAAGTGATAGAC-1,_1_
CAAGTGAACTTTGGTT-1,_10_
CAAGTGTGGTTGCAAA-1,_7_
CAATAAACCTTGGCCC-1,_9_
CAATACGAGAGTCTGA-1,_0_
CAATACGCTCTGAGGC-1,_7_
CAATATGTAGATTTAC-1,_4_
CAATATTGGACTAGTG-1,_5_
CAATCCCTATACCAGC-1,_4_
CAATCCTGCCGTGGAG-1,_5_
CAATGACCCTTAATTT-1,_1_
CAATGAGGTTCGACTA-1,_0_
CAATGCGAGAAGTATC-1,_8_
CAATGGAATCTACATA-1,_0_
CAATGGATCTCTACCA-1,_7_
CAATGGTCGGCCTGGG-1,_10_
CAATGTGCCAACCCTT-1,_6_
CAATTAAGGGTGATGA-1,_9_
CAATTTCGTATAAGGG-1,_3_
CAATTTGACCGGGAAG-1,_5_
CACAAACCGCAGAACT-1,_2_
CACAAGAAAGATATTA-1,_0_
CACAAGCTAAGAAAGG-1,_1_
CACAATGAGCTGCTAT-1,_3_
CACACACGCTAACGAG-1,_2_
CACACAGCTTGCGCTC-1,_0_
CACACAGGGATAGATT-1,_0_
CACACGCGCTGTCTTA-1,_4_
CACACGTTTCAATGGG-1,_4_
CACACTTGTATTGCGA-1,_4_
CACAGAGACGAGGACG-1,_1_
CACAGCACCCACGGCA-1,_9_
CACAGCTAGGGAGTGA-1,_5_
CACAGGGCCATATAGT-1,_2_
CACAGGGCCGTTGTCA-1,_8_
CACAGTCCCGCTTCGC-1,_6_
CACAGTTCGCTTCCCA-1,_0_
CACATCGTGCACGCGC-1,_1_
CACATCTCACCGACGA-1,_8_
CACATGATTCAGCAAC-1,_3_
CACATGTTTGGACATG-1,_5_
CACATTCTTTCGATGG-1,_4_
CACATTTCTTGTCAGA-1,_6_
CACCAGTCAGCATGCA-1,_1_
CACCATCGGAGGAGAC-1,_10_
CACCATGATCGCAAAG-1,_4_
CACCCAAATCTTATGT-1,_6_
CACCCACACGTCACCC-1,_5_
CACCCACGAGGCAATT-1,_0_
CACCCGCGTTTGACAC-1,_2_
CACCCTAACAAGATCT-1,_8_
CACCCTTGGTGAGACC-1,_0_
CACCCTTTCCTCGCTC-1,_5_
CACCGATACACCGAGC-1,_6_
CACCGATGATGGGTAC-1,_2_
CACCGCCAGAAGGTTT-1,_9_
CACCGCCGACCAGCGA-1,_6_
CACCGCGTCCACTCTA-1,_0_
CACCGGAGATATCTCC-1,_4_
CACCGGGCATCACAAG-1,_2_
CACCGGTAGAGACATT-1,_1_
CACCGTATCCCATCCG-1,_0_
CACCGTTGCGCGATAT-1,_7_
CACCTAATAGAGTCGT-1,_5_
CACCTAATCAGTTTAC-1,_0_
CACCTCGATGGTGGAC-1,_10_
CACCTTGCGAAACTCG-1,_0_
CACCTTGGCGCCTTTG-1,_6_
CACGAAAGTTAGTCCC-1,_3_
CACGACGTAATAGTAA-1,_4_
CACGATTGGTCGTTAA-1,_6_
CACGCACAGCGCAGCT-1,_10_
CACGCAGCGAGGCTTT-1,_0_
CACGCGGAACTGTTGC-1,_6_
CACGGACGTGGATGGC-1,_4_
CACGGCGCGCCAAAGG-1,_0_
CACGTCAATCAATGGA-1,_6_
CACGTCGGCAACCTCT-1,_3_
CACGTCTATGATGTGG-1,_4_
CACGTTCGTGCTCTAG-1,_0_
CACGTTTCGTACACAC-1,_2_
CACTAAAGTTGCCTAT-1,_3_
CACTACGGGAGCTGCC-1,_2_
CACTACTCAGTTCTGT-1,_6_
CACTCAAGAGCTATGG-1,_3_
CACTCAGCTCTTGAGG-1,_6_
CACTCCTATGTAAGAT-1,_1_
CACTCCTCTCGGTCGG-1,_4_
CACTCGAGCTGAACAA-1,_7_
CACTCTCAAGCATCGA-1,_1_
CACTCTTCTGCTAGCC-1,_2_
CACTGACGATTGTGGA-1,_1_
CACTGTCCAAGTGAGA-1,_5_
CACTTAATCAGACGGA-1,_3_
CACTTCGCCACAGGCT-1,_0_
CACTTCGTCTTATCTC-1,_5_
CAGAACTTAGCCCTCT-1,_2_
CAGAATAACACACGGA-1,_6_
CAGACCTGTAAGTGTT-1,_4_
CAGAGCATGAGCTTGC-1,_9_
CAGAGTGATTTAACGT-1,_6_
CAGATAATGGGCGGGT-1,_2_
CAGATACTAACATAGT-1,_9_
CAGATATGAAGATGAC-1,_1_
CAGATCATTTAAAGTC-1,_4_
CAGATCCTGGTTTGAA-1,_0_
CAGCAGCCCGTTCCTT-1,_9_
CAGCAGTCCAGACTAT-1,_0_
CAGCAGTCTGTGCTGC-1,_8_
CAGCCCTCACAGGCAG-1,_6_
CAGCCGGGCCCTCTAT-1,_6_
CAGCCTCCTGCAGAGG-1,_10_
CAGCCTCTCCTCAAGA-1,_4_
CAGCTCACTGAGACAT-1,_3_
CAGCTCGACAAGTTAA-1,_4_
CAGCTCGTGCTTGTGT-1,_5_
CAGCTGGCGTAACCGT-1,_7_
CAGCTTAGTAGGTAGC-1,_3_
CAGGAAGACTTTATAT-1,_0_
CAGGATATATCGTTGT-1,_3_
CAGGCAGTCTTACCAG-1,_2_
CAGGCCAGTACCACCT-1,_1_
CAGGCCGTTTGGGTGT-1,_3_
CAGGCGCACGGTGGTC-1,_1_
CAGGCGCCATGCTAGG-1,_1_
CAGTAACTATTTATTG-1,_4_
CAGTAATCCCTCCCAG-1,_5_
CAGTACATTCTCTAAA-1,_4_
CAGTACCAGTTTACGT-1,_7_
CAGTAGCCCACGCGGT-1,_4_
CAGTAGCGAGGTAGTA-1,_5_
CAGTCCAACGCCTTCT-1,_4_
CAGTCGAGGATGCAAT-1,_4_
CAGTCTCTCGGCTAAT-1,_5_
CAGTCTGTATACTGGG-1,_3_
CAGTGAATAAATGACT-1,_7_
CAGTGGTTGCACATGA-1,_5_
CAGTGTCCGCAGAATG-1,_5_
CAGTGTCGGCTGGCCC-1,_2_
CAGTGTTAATCTCTCA-1,_1_
CAGTTCAAATTGACAC-1,_9_
CAGTTCCGCGGGTCGA-1,_0_
CAGTTCGAGGACCCGA-1,_1_
CATAACGGACAGTCGT-1,_7_
CATAAGAAGCTTGGCT-1,_8_
CATAAGCTCTCCGTCT-1,_7_
CATAATGAGCGGGCGA-1,_10_
CATACAAAGCCGAACC-1,_5_
CATACACGGTTCCCAC-1,_8_
CATACCCGTACCCAGT-1,_3_
CATACGAACTAGCTGG-1,_1_
CATACGGCGTCTGGGC-1,_3_
CATACGGGTGCATGAT-1,_5_
CATACTATGTAATTGT-1,_3_
CATACTTAGGCAATAC-1,_6_
CATACTTCTTTCTCCG-1,_1_
CATAGAGGAGATACTA-1,_2_
CATAGCCGCCCGGGAT-1,_0_
CATAGTACATTGAGAG-1,_10_
CATAGTAGCATAGTAG-1,_5_
CATAGTCAAATACATA-1,_2_
CATAGTCCACAAGAAC-1,_3_
CATATACTACTGATAA-1,_4_
CATATAGGTACAGTCA-1,_3_
CATATGTCAGGCTACG-1,_7_
CATATTATTTGCCCTA-1,_6_
CATCAAACTGGCGCCC-1,_4_
CATCATCTACCCGGAC-1,_10_
CATCATTACCCTGAGG-1,_2_
CATCCAATATAGTTTG-1,_1_
CATCCCGAGATTCATA-1,_2_
CATCCGCAGGCCCGAA-1,_5_
CATCCTCTCAAAGATC-1,_2_
CATCGCCCGCGGCCAA-1,_5_
CATCGGACGGGTTAAT-1,_3_
CATCTACCCGAGAACG-1,_4_
CATCTATCCCGTGTCT-1,_0_
CATCTTACACCACCTC-1,_6_
CATGAACCGACATTTG-1,_5_
CATGAACCTCTTATCA-1,_6_
CATGACTTCGCTGAAT-1,_6_
CATGAGATGCACTCTC-1,_8_
CATGATCGCTTTGAGA-1,_2_
CATGATGCACAATTCT-1,_10_
CATGATGGAAGTTAGC-1,_6_
CATGCATGGAGACCCT-1,_6_
CATGCCAACTCGCAAA-1,_3_
CATGCGACCAGTTTAA-1,_4_
CATGCGTTAGACAGAA-1,_5_
CATGCGTTGAGAGGAG-1,_1_
CATGCTGGCTCCAATT-1,_5_
CATGGAAATGGGACCA-1,_4_
CATGGATTGTCTTCCG-1,_2_
CATGGCAGGAAGATCG-1,_5_
CATGGGTATGCCTTAT-1,_8_
CATGGGTCGGGTGTGG-1,_0_
CATGGTCTAGATACCG-1,_9_
CATGGTTTATTAATCA-1,_2_
CATGTAAGAGACATTT-1,_2_
CATGTAGGAGCGCCAA-1,_4_
CATGTCTCATTTATGG-1,_0_
CATTACATAGATTGTG-1,_0_
CATTACGCAGGAAGGG-1,_2_
CATTACGTCGGCCCGT-1,_10_
CATTATAACAGGGTCC-1,_6_
CATTATCCCATTAACG-1,_1_
CATTATGCTTGTTGTG-1,_9_
CATTCACTGACAGCTA-1,_6_
CATTCAGGTCAGTGCG-1,_5_
CATTCCCATTCCGTCG-1,_6_
CATTCCCTAAGTACAA-1,_5_
CATTGATGAACACGCC-1,_4_
CATTGCGGGTCAATTC-1,_4_
CATTGTGTGCTAGATC-1,_0_
CATTTAGCGGACCATG-1,_0_
CATTTATCGTTCAAGA-1,_6_
CATTTCTAGCAGACTA-1,_5_
CCAAACAGAACCCTCG-1,_5_
CCAAATAACAAGATTC-1,_0_
CCAAATCAAAGGGCAA-1,_1_
CCAACCTTATGTAACT-1,_1_
CCAACGATGCACTGAT-1,_0_
CCAACGCTTGCCAGGG-1,_4_
CCAAGACTTCTGCGAA-1,_5_
CCAAGCGTAACTCGTA-1,_9_
CCAAGGAACAGAGAGG-1,_5_
CCAAGGTTGCCCTTTC-1,_2_
CCAATAGTGCCGTCGA-1,_3_
CCAATCGGTAGATCGA-1,_0_
CCAATGTCACAGCAAG-1,_3_
CCAATTACGGGTCGAG-1,_4_
CCAATTGAATGTTAAT-1,_5_
CCACAATGTACGTCTT-1,_0_
CCACACTGAGATATTA-1,_3_
CCACAGCTGAAATCAT-1,_5_
CCACAGTACCCATCCT-1,_0_
CCACATACTGCACCCA-1,_0_
CCACCCAAGGAAAGTG-1,_3_
CCACGAATTTAACCTC-1,_6_
CCACGAGAAGAGAATC-1,_0_
CCACGGAGCCATAAGA-1,_7_
CCACGGTGCCCGGTAG-1,_6_
CCACTAAACTGAATCG-1,_5_
CCACTATCCGGGTCAC-1,_0_
CCACTCAGATCCGCAA-1,_2_
CCACTGGTGGCTGGTT-1,_3_
CCACTGTTTGGATTAA-1,_0_
CCAGAAACTGATGCGA-1,_2_
CCAGAGACAAAGCCGG-1,_0_
CCAGATAGTTGAGTGA-1,_7_
CCAGCCTGGACCAATA-1,_3_
CCAGCTACGCCTCATA-1,_5_
CCAGCTCGAACGCATT-1,_8_
CCAGCTGATGGTACTT-1,_3_
CCAGCTTCCGCCCGCA-1,_7_
CCAGGGACGTGGCCTC-1,_9_
CCAGTAGTCTGATCCA-1,_4_
CCAGTCCATTATTCGA-1,_5_
CCAGTCTAGACGGCGC-1,_0_
CCAGTCTTGTCATAGA-1,_8_
CCAGTGTACAGACCGA-1,_1_
CCAGTTCGGTAACTCA-1,_2_
CCATAAACAACCCGAC-1,_8_
CCATACCTTTACTTGT-1,_0_
CCATAGGTTGGCGTGG-1,_5_
CCATAGTCAGTAACCC-1,_5_
CCATATGGAAACTATA-1,_2_
CCATATTGGATCATGA-1,_5_
CCATCCATACCAAGTC-1,_5_
CCATCTCACCAGTGAA-1,_6_
CCATCTTGTTCACAAT-1,_5_
CCATGCCCTAGATTTC-1,_2_
CCATGCCTGTTTAGTA-1,_3_
CCATGCTCTGCAGGAA-1,_5_
CCATGGCCCTTGTACC-1,_3_
CCATGTTCATCTATAT-1,_1_
CCATTAGCGATAATCC-1,_3_
CCATTCCCTGCCCACA-1,_3_
CCATTGTTTCCTCCAT-1,_0_
CCATTTCTACCTATTA-1,_8_
CCCAAACATGCTGCTC-1,_7_
CCCAACATACGTCGCG-1,_3_
CCCAACCACACTAACA-1,_6_
CCCAAGACAGAGTATG-1,_6_
CCCAAGTCATTACACT-1,_2_
CCCAATGAGATTTGCA-1,_1_
CCCAATTTCACAACTT-1,_3_
CCCAGAGGAGGGCGTA-1,_4_
CCCAGGAAGAATTCGA-1,_1_
CCCAGGTCTGAAGGCT-1,_0_
CCCAGTAAACTTGGGA-1,_0_
CCCAGTTAAGGCGCCG-1,_1_
CCCATATAGGTCGATT-1,_2_
CCCGAAGTTTCGCGAA-1,_7_
CCCGACCATAGTCCGC-1,_0_
CCCGAGTTTCTCCGTA-1,_8_
CCCGCAGCGCGAACTA-1,_7_
CCCGCAGGGCCCAAAG-1,_6_
CCCGCCATGCTCCCGT-1,_10_
CCCGCGCAATGCACCC-1,_5_
CCCGGGTCGTTCAGGG-1,_0_
CCCGGTGGAAGAACCT-1,_7_
CCCGGTGTATCGGAAT-1,_0_
CCCGTAAGTCTAGGCC-1,_3_
CCCGTAGCTGGGAAGA-1,_1_
CCCGTCAGCGTCTGAC-1,_8_
CCCGTTTCGCAGATGT-1,_0_
CCCTACCCACACCCAG-1,_2_
CCCTACTTGAACAATG-1,_2_
CCCTAGTGTCAGGTGT-1,_5_
CCCTATGTAGAGCAGA-1,_1_
CCCTCATTCTGGAATT-1,_5_
CCCTCCTCGCTCGTAT-1,_0_
CCCTCGATAATACACA-1,_1_
CCCTCGGGAGCCTTGT-1,_6_
CCCTGAAATGAGTTGA-1,_0_
CCCTGACTAACAAATT-1,_7_
CCCTGATGTAACTCGT-1,_0_
CCCTGCCCAATCCGCT-1,_7_
CCCTGCGCTACGCATA-1,_3_
CCCTGGTATGGGCGGC-1,_6_
CCCTTTAATGGAGTTC-1,_2_
CCGAAAGTGGTGAGCA-1,_5_
CCGAACACTGGGCCTC-1,_0_
CCGAACCTTCCCGGCC-1,_7_
CCGAAGTATATTGTTC-1,_0_
CCGACAAACACATGAG-1,_5_
CCGACAAAGGGAGTGC-1,_3_
CCGACAATAGGCCGCC-1,_6_
CCGACGGGCATGAGGT-1,_1_
CCGACGTAAACACAAC-1,_4_
CCGACTCGCATAGTCT-1,_6_
CCGAGAAGTCGCATAA-1,_8_
CCGAGCTGTGCTTGTC-1,_0_
CCGAGGGATGTTAGGC-1,_6_
CCGATCTCAACCTTAT-1,_6_
CCGATCTTAAGAGGCT-1,_4_
CCGATTCGAGGGACCC-1,_3_
CCGCACAAAGACCAAC-1,_3_
CCGCACGTGACCTCGG-1,_3_
CCGCACTTGCAATGAC-1,_2_
CCGCATGTGGTACGAT-1,_8_
CCGCCACCACAATCCA-1,_6_
CCGCCGGAACTTCTCG-1,_0_
CCGCCGGTCAACACAC-1,_5_
CCGCCGTTGAGGATAA-1,_0_
CCGCCTGCGAATTGGT-1,_4_
CCGCGGGTACGAAGAA-1,_3_
CCGCGTAGGTAAGGGC-1,_0_
CCGCTATCAGCACCAG-1,_7_
CCGCTCCAGGGCGATC-1,_2_
CCGCTCTTCCGAACTA-1,_2_
CCGCTGGTGCCATTCA-1,_6_
CCGCTTACCTCACTCT-1,_3_
CCGCTTGCTGACATGG-1,_0_
CCGGAAGTGCAATATG-1,_2_
CCGGAATGGTTTCAGT-1,_0_
CCGGAGCGTACTTTCT-1,_8_
CCGGAGGTCTTATGGT-1,_4_
CCGGCACGACCGTTTC-1,_6_
CCGGCGCATATTGGAT-1,_5_
CCGGCGTGAGACTCTG-1,_0_
CCGGGACCCGCAGAGA-1,_5_
CCGGGCGGTCTCGTCA-1,_0_
CCGGGCTAAGAATTTC-1,_1_
CCGGGCTGCTCCATAC-1,_7_
CCGGGTTCGAGGTTAC-1,_3_
CCGGTAATGGCTAGTC-1,_6_
CCGTAAGTTGGTCCCA-1,_3_
CCGTACCCAAGCGCCA-1,_5_
CCGTAGGAAATCCCTG-1,_2_
CCGTAGGGTTGTTTAC-1,_2_
CCGTATCTCGTCGTAG-1,_0_
CCGTATTAGCGCAGTT-1,_4_
CCGTCAACCTCTGGCG-1,_1_
CCGTGAGGCATTCATG-1,_6_
CCGTGCCCATGACGGC-1,_5_
CCGTGGAACGATCCAA-1,_4_
CCGTGTTAAATTCCAT-1,_3_
CCGTTACGTTAGAACA-1,_0_
CCGTTCCGAATCTCGG-1,_3_
CCTAAACAGGGTCCGT-1,_6_
CCTAAAGGCTGACGCT-1,_0_
CCTAAATTAACGGTTC-1,_3_
CCTAAATTGTATCCTA-1,_0_
CCTAACCCAAACAAGT-1,_0_
CCTAACTAAGGCTCTA-1,_0_
CCTACAAGTCCGGAAT-1,_4_
CCTACATTCACAGACG-1,_0_
CCTACGGCTCAGTCGA-1,_5_
CCTACTGCTTACACTT-1,_9_
CCTAGGCGTAGCGATC-1,_0_
CCTAGGTAAAGGTAGC-1,_8_
CCTAGTTAGTCGCATG-1,_8_
CCTATAATGAGTGCCC-1,_8_
CCTATATCGTGTCACG-1,_1_
CCTATATTTGTCCTGG-1,_1_
CCTATCTATATCGGAA-1,_0_
CCTATGAAGTGGTGCC-1,_6_
CCTATGGCTCCTAGTG-1,_1_
CCTATGGGTTACCGTC-1,_9_
CCTATGGTCAAAGCTG-1,_2_
CCTATGTCCACTCCAC-1,_2_
CCTCACCAATCTTGAC-1,_5_
CCTCACCTGAGGGAGC-1,_4_
CCTCACCTTAGCATCG-1,_4_
CCTCATGCAGCTACGA-1,_5_
CCTCCCGACAATCCCT-1,_6_
CCTCCGACAATTCAAG-1,_3_
CCTCCTAGCTAGAGTC-1,_1_
CCTCCTGTTGTGTCGT-1,_2_
CCTCGAAGTGGACGGG-1,_10_
CCTCGACCCACTGCCT-1,_6_
CCTCGCCAGCAAATTA-1,_0_
CCTCGCGCGATATAGG-1,_4_
CCTCGCGCTGTGCGAT-1,_8_
CCTCGGACCGGGATAG-1,_1_
CCTCGGTTTCCTTGCC-1,_1_
CCTCGTTACGCCTGTT-1,_4_
CCTCTAATCTGCCAAG-1,_10_
CCTCTACAAGGATTGG-1,_1_
CCTCTATCGATTAGCA-1,_0_
CCTCTCTCCCATCTAG-1,_3_
CCTCTGGCCTAGACGG-1,_10_
CCTCTGTACTATTCTA-1,_7_
CCTGAATATTTACATA-1,_10_
CCTGACCACCGATGGT-1,_0_
CCTGACGCAACCTTTA-1,_6_
CCTGAGAATAAATGCA-1,_1_
CCTGCGATAGAACTGT-1,_5_
CCTGCTATTTGAGAAG-1,_9_
CCTGGAAACGTTCTGC-1,_6_
CCTGGCTAGACCCGCC-1,_9_
CCTGGTCGAATGTGGG-1,_8_
CCTGTAAGACATGATA-1,_3_
CCTGTACTCACGCCCA-1,_3_
CCTGTCACCCGGGCTC-1,_9_
CCTGTCCCTCACGTTA-1,_6_
CCTGTCGCCCGTAAAT-1,_3_
CCTGTCGTGTATGAAG-1,_1_
CCTGTTCAACCTCGGG-1,_1_
CCTGTTTGAAGACACG-1,_2_
CCTTAAGTACGCAATT-1,_2_
CCTTCAGTTAAAGTGA-1,_1_
CCTTCCGCAACGCTGC-1,_1_
CCTTCGTATAGAATCC-1,_1_
CCTTCTCAGCGTTCCT-1,_7_
CCTTCTTGATCCAGTG-1,_0_
CCTTGACCACTTTATT-1,_6_
CCTTGTGAACGTGGTT-1,_1_
CCTTTCAATGAAGAAA-1,_4_
CGAAACATAGATGGCA-1,_6_
CGAAACGCAATTCATG-1,_3_
CGAACAGTATGGGCGT-1,_0_
CGAACATAGTCAGAAA-1,_4_
CGAACCCGCATGCGTC-1,_0_
CGAACCTCTTTCCTAG-1,_1_
CGAACGCCCAGTGCCG-1,_10_
CGAACGGCCGGACAAC-1,_0_
CGAAGATCAGTTTCAT-1,_1_
CGAAGCTATAAATTCA-1,_4_
CGAAGGGTTTCAGATT-1,_1_
CGAAGTTGCTCTGTGT-1,_3_
CGAATCTGCTCGACGC-1,_1_
CGAATGAAGTCATTGC-1,_1_
CGAATGACGCATAATG-1,_8_
CGACAATTTGATCTAA-1,_0_
CGACACCGCTTAAGGA-1,_4_
CGACACGCTCCGACAG-1,_0_
CGACAGTTCGCGTTAT-1,_3_
CGACATGCGATCTTCT-1,_6_
CGACCCTTAACGCCGG-1,_7_
CGACGCATCCGTACCT-1,_8_
CGACTCAGGATGTTAT-1,_4_
CGACTCGGTACACGGT-1,_4_
CGACTTTGTATAGCCT-1,_6_
CGAGACCCTAGAGTGT-1,_3_
CGAGACTACTGCTGCT-1,_2_
CGAGAGATGTGAACCT-1,_9_
CGAGAGCTTTCACTAC-1,_2_
CGAGAGGGTAGCCGCG-1,_6_
CGAGATTTCGCTCGGG-1,_0_
CGAGCACTTCAAGTTT-1,_0_
CGAGCGTTGATCAGCC-1,_5_
CGAGCTGGGCTTTAGG-1,_10_
CGAGGAGCTTCCATAT-1,_4_
CGAGGATCGGGAACGA-1,_0_
CGAGGCCAGGCATTGG-1,_5_
CGAGGCTAAATATGGC-1,_9_
CGAGGGACTGCGGTCG-1,_0_
CGAGGGTATCCAGGTG-1,_8_
CGAGTACTAAAGAGGA-1,_3_
CGAGTGAAGGTACCAG-1,_1_
CGAGTGCTATAGTTCG-1,_5_
CGAGTTCTGTCCCACC-1,_0_
CGAGTTTATCGGACTG-1,_0_
CGATAATACTCAGGTT-1,_0_
CGATACCTCGCGGACA-1,_3_
CGATAGCGATACAGTG-1,_1_
CGATAGTCGTACTGCA-1,_2_
CGATATTAGCCGCAGG-1,_5_
CGATCATTAGAGGCAC-1,_4_
CGATCCACCATTGTTG-1,_1_
CGATCCGACCCAGTGC-1,_3_
CGATCCTCGCAACATA-1,_1_
CGATCGAGAAGCACCA-1,_1_
CGATCTGTTGGAGGAC-1,_7_
CGATGGACCCTACGCC-1,_0_
CGATGTTGTTATCTAC-1,_1_
CGATTAAATATCTCCT-1,_8_
CGATTCGCCTGGCTGC-1,_8_
CGCAAACACGAGTTAC-1,_0_
CGCAATTACTTTCGGT-1,_0_
CGCAATTAGGGTAATA-1,_9_
CGCAATTCTACAATAA-1,_0_
CGCACATGTCCACTAC-1,_1_
CGCACGTCTGTTTATG-1,_1_
CGCACGTGCGCTATCA-1,_6_
CGCAGAAACATTTGCG-1,_10_
CGCAGATCTTCACCCG-1,_4_
CGCAGGCGATCCAAAC-1,_0_
CGCAGTTCTATCTTTC-1,_2_
CGCATCATGGCTTCAG-1,_6_
CGCATCCATCAGCCAG-1,_0_
CGCATGCCGAATGCGT-1,_2_
CGCATGGTGCGATGCT-1,_3_
CGCATTAGCTAATAGG-1,_9_
CGCCAAGAAGCCGAGT-1,_7_
CGCCACCCGCATTAAC-1,_5_
CGCCATCCGATTATGA-1,_0_
CGCCCAGCACGCCTAG-1,_1_
CGCCCAGCGTTTCACG-1,_2_
CGCCCGCTTCCGTACA-1,_0_
CGCCCTAATTGTTCAA-1,_1_
CGCCCTTGAAGGCTGA-1,_7_
CGCCGCCCATGCCTGT-1,_7_
CGCCGCGTTCTGAACG-1,_1_
CGCCGTTCAGCATAGT-1,_2_
CGCCTCCCTCCTCTAT-1,_7_
CGCCTGGCCTACGTAA-1,_3_
CGCCTTTAGCATGCTC-1,_0_
CGCGAAGTGGCATACT-1,_2_
CGCGACCGCGACAGAT-1,_8_
CGCGAGAGGGACTTGT-1,_0_
CGCGAGTCTGCCGGGT-1,_7_
CGCGCAAATGTCCAGA-1,_1_
CGCGCAAGGAACTACA-1,_5_
CGCGCCCGACTTAATA-1,_10_
CGCGGCAGTATTACGG-1,_0_
CGCGGCTCAACTTGAA-1,_6_
CGCGGGAATTAGGCAG-1,_9_
CGCGGGAATTCCTTTC-1,_2_
CGCGGTAAGTCTAGCT-1,_0_
CGCGGTACGGTATACA-1,_7_
CGCGGTCACAAACCAA-1,_4_
CGCGTACATTCTGGAA-1,_4_
CGCGTCATATTAAACC-1,_6_
CGCGTTCATGAAATAC-1,_9_
CGCTACGGGACATTTA-1,_3_
CGCTAGAGACCGCTGC-1,_6_
CGCTATACCGCCCACT-1,_5_
CGCTATTCAATGTATG-1,_0_
CGCTATTCTTAGGCTC-1,_0_
CGCTCGACATAATGAT-1,_5_
CGCTCTCCGTAGATTA-1,_3_
CGCTGGTGACTACCCT-1,_0_
CGCTGTGACGCCGCAC-1,_9_
CGCTGTGTGGATGTTG-1,_1_
CGCTTAGTATTGATAC-1,_1_
CGCTTATTCCCGGTCG-1,_3_
CGCTTCCACTGAAATC-1,_5_
CGCTTCGGTCTAAGAC-1,_2_
CGCTTGGACGGATAGA-1,_0_
CGCTTTCATACCGGTG-1,_5_
CGCTTTCCGCCAAGGT-1,_2_
CGCTTTCTTGCATTCG-1,_7_
CGGAAATTTCACATCC-1,_6_
CGGAACGTAAACATAG-1,_3_
CGGACCTTTACGTCCC-1,_2_
CGGAGCAATTTAATCG-1,_8_
CGGAGCATGGCGATCC-1,_3_
CGGAGCTTATAACACC-1,_6_
CGGAGTTTGAGAGACA-1,_3_
CGGATAAGCGGACATG-1,_5_
CGGATCCTCAAGGACT-1,_8_
CGGATGAATGCTGTGA-1,_1_
CGGCAAACATCGTGCG-1,_0_
CGGCAATAAGATCGCC-1,_0_
CGGCACCGTTAGCGCC-1,_4_
CGGCACTCAAGAAAGT-1,_5_
CGGCAGGGTCGGGTTG-1,_4_
CGGCCACGCACAAAGT-1,_3_
CGGCCAGAGCGACCAT-1,_1_
CGGCCCAACCTGTAGT-1,_0_
CGGCCCAGGTATATCC-1,_6_
CGGCGCCATCAATCCC-1,_2_
CGGCTCTAAAGCTGCA-1,_8_
CGGCTCTTCGTCGAAC-1,_6_
CGGCTGCAAGATTAAG-1,_6_
CGGCTTTGTATGATAA-1,_10_
CGGGAACGCCCTGCAT-1,_1_
CGGGAAGTACCGTGGC-1,_1_
CGGGAATATAGTATAC-1,_0_
CGGGAATTTATGTAAA-1,_7_
CGGGAGCTTCAGTGTA-1,_0_
CGGGAGTATACCGCCG-1,_5_
CGGGATCAATGTAAGA-1,_10_
CGGGCAGCTAAACCGC-1,_3_
CGGGCCATAGCCGCAC-1,_0_
CGGGCCTTCTTTGTAA-1,_3_
CGGGCGATGGATCACG-1,_2_
CGGGTGTACCCATTTA-1,_7_
CGGGTTCGGCACGTAT-1,_4_
CGGGTTTGTTAGGGCT-1,_0_
CGGTAGAGGTGCAGGT-1,_4_
CGGTATAGGTATTAGC-1,_4_
CGGTATGGGCACTCTG-1,_1_
CGGTCAAGTGGGAACC-1,_9_
CGGTCCATGAGACTCC-1,_4_
CGGTCCGTCGCAAGCC-1,_1_
CGGTCTATCAACCCGT-1,_0_
CGGTGAAGACTAAAGT-1,_3_
CGGTGCAGATAGAACG-1,_3_
CGGTGCGCGTTGGTCC-1,_3_
CGGTGGGCTCCAGCCT-1,_4_
CGGTGTACTTGATCCC-1,_0_
CGGTTATCCAACAGTG-1,_4_
CGGTTCAAGTAGGTGT-1,_4_
CGGTTCCGGCTTCTTG-1,_5_
CGGTTGACCTGGCATA-1,_3_
CGGTTGAGTATCCTTC-1,_1_
CGGTTGGGCAGGGTCC-1,_2_
CGGTTGGGTTCAAGTT-1,_4_
CGGTTTATGAAGGAAC-1,_4_
CGTAAACGCTTGAGTG-1,_5_
CGTAAAGCAAGAAATC-1,_1_
CGTAACTTCGACACTT-1,_1_
CGTACCGAAAGTCTAG-1,_5_
CGTACCTGATAGGCCT-1,_10_
CGTAGAGAGTAATTAT-1,_2_
CGTAGCGAATTGTCAG-1,_10_
CGTAGCGCCGACGTTG-1,_10_
CGTATTAAGAGATCTA-1,_3_
CGTCACGTCCATTGGT-1,_3_
CGTCAGTGCGCACAAG-1,_5_
CGTCAGTTTATCGTCT-1,_6_
CGTCATACCATATCCA-1,_5_
CGTCCTCATCGCGTGC-1,_2_
CGTCGCATGTGAGCCA-1,_2_
CGTCGCGGCGGGATTT-1,_0_
CGTCGCTTGGTTATAC-1,_1_
CGTCGGATAGTGTTGA-1,_7_
CGTCGGGTCTAAGCGC-1,_7_
CGTCGTCCTTCGCGAA-1,_8_
CGTCTGGAAGGGCCCG-1,_5_
CGTGAAGTTAATTCAC-1,_3_
CGTGACATTGGGTCGT-1,_0_
CGTGACCAGTCCTCTG-1,_8_
CGTGCACACCACTGTA-1,_2_
CGTGCAGACTGGGACA-1,_0_
CGTGCATTGTCGACGC-1,_3_
CGTGCCCGACATTTGT-1,_6_
CGTGCTGGCCTAGTCG-1,_5_
CGTGCTTCTACCTAAA-1,_1_
CGTGGAAGCCTCGTAC-1,_0_
CGTGGCCGAATATCTA-1,_10_
CGTGGTACCCAAAGGC-1,_1_
CGTGTATGGGAGCTGA-1,_2_
CGTGTCCCATTCGCGA-1,_9_
CGTGTCTCGTTACGAC-1,_1_
CGTGTGTTAAACCCTG-1,_6_
CGTTAAACTAGTTAGG-1,_0_
CGTTAAATACGACCAG-1,_2_
CGTTAATGTCCCGACG-1,_2_
CGTTAGCTCACAACTG-1,_4_
CGTTCAAGGAAACGGA-1,_1_
CGTTCAGACCCGCGAA-1,_8_
CGTTCATGGTGCGCGT-1,_0_
CGTTCTTCGCACACCT-1,_4_
CGTTGAATACCGCGCT-1,_8_
CGTTGAGTAATTGCGT-1,_4_
CGTTGCCCGCGTGGGA-1,_1_
CGTTGTAAGATTGATT-1,_4_
CGTTGTCGGCAATTGA-1,_8_
CGTTGTTTCAATTCCC-1,_3_
CGTTTAAGCGGAGCAC-1,_5_
CGTTTACAAGGCAGCT-1,_4_
CGTTTCACTTCGGGCG-1,_4_
CGTTTCGCTCATTACA-1,_3_
CGTTTCGGTTATATGC-1,_2_
CTAAAGAATGCCTACT-1,_3_
CTAAAGGGAAATAGGA-1,_3_
CTAAAGTCCGAAGCTA-1,_5_
CTAAATCCGGTGTACA-1,_1_
CTAAATCCTATTCCGG-1,_0_
CTAACCGCGCGCCCGT-1,_3_
CTAACGAAACTTGCTG-1,_4_
CTAACTGATAATCGCC-1,_0_
CTAACTGGTCCGGTTC-1,_7_
CTAAGTACAGGGCTAC-1,_4_
CTAATTATGAAGCGTA-1,_4_
CTAATTCGCACGCGCT-1,_3_
CTAATTCTCAGATATT-1,_4_
CTAATTTCAACAACAC-1,_5_
CTACAAGAAATAACCC-1,_1_
CTACACTCGCAGATGG-1,_2_
CTACATATCGCGGGAC-1,_1_
CTACCCTAAGGTCATA-1,_4_
CTACGAACTAGGTCGA-1,_6_
CTACGACTAGCTATAA-1,_3_
CTACGATCCTATCCTA-1,_1_
CTACGCACGGAGTACC-1,_0_
CTACGCCATTTCCGAT-1,_0_
CTACGTGTTGCCACCA-1,_5_
CTACTATCATAGGTTT-1,_7_
CTACTATCTTTCAGAG-1,_4_
CTACTCAAGGTATAGT-1,_1_
CTACTCTAGGCCCGGC-1,_3_
CTACTGCCACCTGACC-1,_9_
CTAGACATATATGTAG-1,_4_
CTAGACTGCATTTCGT-1,_4_
CTAGATAAACTCCTCG-1,_5_
CTAGATGTGAGTGTAA-1,_6_
CTAGATTTACGACGGC-1,_7_
CTAGCATAGTATAATG-1,_9_
CTAGCCACAGGCGAGC-1,_6_
CTAGCCGATGTTATGA-1,_4_
CTAGGCGCCCTATCAG-1,_2_
CTAGGCGGCAGAGAAT-1,_5_
CTAGGGATAGGGACAA-1,_1_
CTAGGTCTGAAGGAAT-1,_6_
CTAGGTTCGGACGTGA-1,_8_
CTAGTAGAAAGGGATT-1,_2_
CTAGTATTCGGAATTA-1,_8_
CTAGTCACGTCTTAAG-1,_3_
CTAGTGAAGGACAGGA-1,_3_
CTAGTTACAACCCGGT-1,_8_
CTAGTTGGGCCCGGTA-1,_9_
CTATAAGAGCCAATCG-1,_4_
CTATAGGCGTTGATGT-1,_1_
CTATATCCAGCCTGGC-1,_1_
CTATCACAACGCTGGA-1,_2_
CTATCGACGAAATACA-1,_2_
CTATCGCGTAGAGAAC-1,_6_
CTATCGGGTCTCAACA-1,_9_
CTATGCCCGAATGCAA-1,_8_
CTATGGGAAGCGGAAT-1,_0_
CTATGTCACTAGCCCA-1,_9_
CTATGTCTATTGAAAC-1,_5_
CTATGTGAGTCACGGC-1,_7_
CTATTCATGTGTCCCA-1,_7_
CTATTGTGTTTGGTCA-1,_4_
CTATTTGCTTGGAGGA-1,_1_
CTATTTGGTTACGGAT-1,_0_
CTCAAACCACTGCCCG-1,_1_
CTCAACTAACCCGGAT-1,_2_
CTCAAGACATTAGCGC-1,_4_
CTCACACGCAAGCCTA-1,_4_
CTCACATTTACTAAAT-1,_8_
CTCACCGATCCAAACT-1,_4_
CTCACTGTGATACTTA-1,_8_
CTCACTTGGCTGGTAA-1,_3_
CTCAGAGCTAATGTCG-1,_1_
CTCAGGACTCACCTGT-1,_5_
CTCAGTCACGACAAAT-1,_4_
CTCATAAATGTGTATA-1,_2_
CTCATGGCTCACAATC-1,_10_
CTCATGGTAATTTGCG-1,_7_
CTCATTGCTCTAACAA-1,_2_
CTCATTTGATGGGCGG-1,_10_
CTCCCAATGAGTCGCG-1,_0_
CTCCCTCCTTTCGATC-1,_7_
CTCCGCCCACATGAGG-1,_3_
CTCCGGCCTAATATGC-1,_5_
CTCCGGCTTGTAGACA-1,_0_
CTCCTAAGTTATGTCT-1,_5_
CTCCTCCAGCTCACAC-1,_1_
CTCCTGTTCAAGGCAG-1,_0_
CTCCTTTACGCAAGTC-1,_0_
CTCGAATGGAACGTAT-1,_4_
CTCGAGATCCAAAGCA-1,_0_
CTCGAGGTCGAACAGT-1,_9_
CTCGATATTTGCGAGC-1,_4_
CTCGCACCTATATAGT-1,_10_
CTCGCATTGCATAGCC-1,_1_
CTCGCCGAATGTAGGG-1,_8_
CTCGCTAGGTAAGCGA-1,_2_
CTCGGGATAACACCTA-1,_10_
CTCGGGCATCGTCGGG-1,_6_
CTCGGGTTCTCTGGCC-1,_1_
CTCGGTACCACTGCTC-1,_1_
CTCGGTCCGTAGCCTG-1,_8_
CTCGGTTGTCGGCCCT-1,_1_
CTCGTCGAGGGCTCAT-1,_1_
CTCGTCTGTGCCTTCG-1,_2_
CTCGTTACGGCTACCA-1,_1_
CTCGTTTCTAATGTTT-1,_4_
CTCTAATGCATTGATC-1,_4_
CTCTACACTGGCGATT-1,_7_
CTCTACATCCTGCGTG-1,_1_
CTCTAGCCCTCGGAAA-1,_2_
CTCTATTTGGCTGCAG-1,_7_
CTCTCACAATCGATGA-1,_3_
CTCTCGATGTGCGCCT-1,_6_
CTCTCTAACTGCCTAG-1,_1_
CTCTGCAGGCATTCTT-1,_1_
CTCTGCGAAGCAAGCA-1,_5_
CTCTGGACGCCTGGTG-1,_9_
CTCTGTTTGAGGATTC-1,_10_
CTCTTCTATTGACTGG-1,_6_
CTCTTCTGGAAGTTAG-1,_1_
CTCTTGTCCCGCTTGG-1,_0_
CTGAAACGGCCCTCAG-1,_4_
CTGAAAGAGATCCGAC-1,_10_
CTGAATCCGAGACCTC-1,_3_
CTGAATTTATTGCCAG-1,_0_
CTGACATAGAAATAGA-1,_0_
CTGACTGCGCAGCTCG-1,_0_
CTGAGAAAGTTCGGCG-1,_0_
CTGAGCAAGTAACAAG-1,_5_
CTGCAAATGGGCTCCA-1,_6_
CTGCAAGCACGTTCCG-1,_2_
CTGCACAACTACATAT-1,_7_
CTGCACCTAGTCCACA-1,_0_
CTGCACCTGGAACCGC-1,_5_
CTGCACTCCAGTACAG-1,_8_
CTGCAGAGAATCAGAG-1,_2_
CTGCCAAGGTTGGAAG-1,_10_
CTGCCATGCATCACAT-1,_3_
CTGCCTAGCCACCAAG-1,_6_
CTGCCTCATATGCAAC-1,_6_
CTGCCTTTAATACCTT-1,_1_
CTGCCTTTCTAGTAAA-1,_2_
CTGCGACCTCGCCGAA-1,_2_
CTGCGATTTCGAGATT-1,_1_
CTGCGGGTGAAATGTT-1,_3_
CTGCGGTAGTCACGTG-1,_0_
CTGCGTTACGATATAA-1,_4_
CTGCTCTGACGGCAAA-1,_1_
CTGCTGAGGCCACGAA-1,_3_
CTGCTGTCTAACGAGC-1,_0_
CTGCTTGGCGATAGCT-1,_8_
CTGCTTTATGTCCGCG-1,_4_
CTGGAAATGGATGCTT-1,_9_
CTGGAAGACACGGTGG-1,_0_
CTGGACGCAGTCCGGC-1,_0_
CTGGCATCCGAATGAG-1,_7_
CTGGCGACATAAGTCC-1,_0_
CTGGCGATTTACATGT-1,_2_
CTGGCGCACAGGTCTG-1,_1_
CTGGCGGGAATAAGTA-1,_5_
CTGGCTCCTGCGGGAT-1,_5_
CTGGCTGATTCATCCT-1,_6_
CTGGCTGCTAACGTAA-1,_5_
CTGGGATACGCTACCC-1,_6_
CTGGGATCGCCCAGAT-1,_6_
CTGGGCCTGCTATATC-1,_3_
CTGGGCTACTGGAGAG-1,_2_
CTGGGCTATCCTTTGG-1,_4_
CTGGGTTGAGTTAAAG-1,_0_
CTGGTAAAGACTTACA-1,_2_
CTGGTAAAGTGTGGGC-1,_6_
CTGGTAACACATAGAA-1,_1_
CTGGTAACGAGCTCTT-1,_4_
CTGGTCATTCCAATCC-1,_7_
CTGGTCCTAACTTGGC-1,_6_
CTGGTGAATGGGCCTA-1,_1_
CTGGTTCAACGCATCA-1,_5_
CTGGTTTCGAGCAAGA-1,_1_
CTGTACTTCTTAGCAT-1,_3_
CTGTAGTGAGGATCGA-1,_1_
CTGTATGGTGTAGAAA-1,_0_
CTGTCAAATGGCTCGG-1,_0_
CTGTCACGCCAGGCGC-1,_4_
CTGTGCAGGGTAGGTC-1,_3_
CTGTGGTCGGGAGATA-1,_2_
CTGTTACCCAATCTAG-1,_3_
CTGTTCACTGCCTGTG-1,_5_
CTGTTCATCTCACGGG-1,_0_
CTGTTGTTCAGTCGTA-1,_1_
CTTAACTTACAGTATA-1,_2_
CTTAACTTCGAAGTAC-1,_10_
CTTACACGGTATTCCA-1,_0_
CTTACACTGGGAAATA-1,_5_
CTTACATAGATTTCTT-1,_2_
CTTAGATGTTTCATCC-1,_1_
CTTAGCCTTCCACATG-1,_10_
CTTAGGTATAGACCAG-1,_1_
CTTAGTAGGCCTACAG-1,_0_
CTTAGTGTAGTAGCAT-1,_8_
CTTAGTTGAGGAATCG-1,_1_
CTTATGCGCTCAGGGC-1,_0_
CTTATGTTGACTACCA-1,_5_
CTTCAACTCCACTTGG-1,_8_
CTTCACGCCCTGGTAC-1,_1_
CTTCAGTGGTCGCCTA-1,_0_
CTTCAGTTGGACAACG-1,_2_
CTTCATAGCTCAAGAA-1,_5_
CTTCATTGTCAGTGGA-1,_10_
CTTCGATTGCGCAAGC-1,_2_
CTTCGGCCAATTGTTT-1,_0_
CTTCGTAGATAGGTGA-1,_3_
CTTCTATGTTGAAGTA-1,_0_
CTTCTGGGCGTACCTA-1,_1_
CTTCTTACGTCGTATA-1,_5_
CTTGACCCGAAAGATA-1,_10_
CTTGAGGTTATCCCGA-1,_5_
CTTGAGTTAGGGTAAT-1,_0_
CTTGATGACCATCCAG-1,_2_
CTTGCAACCGCCTCCT-1,_3_
CTTGCCCACCCACGCA-1,_2_
CTTGCCCAGGCTCTAC-1,_3_
CTTGGCCAAGCTGGGA-1,_8_
CTTGTACTTGTTGACT-1,_5_
CTTGTCAACATTCGAG-1,_7_
CTTGTGAGTCTTTGAC-1,_5_
CTTGTGCTCACCGATT-1,_4_
CTTGTTGCTGAGTCAA-1,_0_
CTTGTTTATGTAGCCA-1,_0_
CTTTAACTTTCAAAGG-1,_10_
CTTTAATATTGGTCGA-1,_0_
CTTTACCGAATAGTAG-1,_0_
CTTTAGTGCTATTATT-1,_7_
CTTTCTGTGCGGGCTT-1,_8_
CTTTGCATCGCTCTTG-1,_2_
CTTTGGCAGACAGAGT-1,_6_
CTTTGGCGCTTTATAC-1,_7_
CTTTGGCTTTAGTAAA-1,_3_
CTTTGGGATTGTTGCA-1,_1_
GAAACAGATGACCACC-1,_0_
GAAACAGCCATGCAGT-1,_5_
GAAACATAGGAAACAG-1,_1_
GAAACCATGGTGCGCT-1,_4_
GAAACCGAATTACCTT-1,_3_
GAAACCTATACAAATG-1,_0_
GAAACTCGTGCGATGC-1,_0_
GAAACTCTAATGAAGG-1,_10_
GAAAGAACAGCGTTAT-1,_6_
GAAAGCCCTTTGGACC-1,_3_
GAAAGTGACTAACTGC-1,_0_
GAAATACCTGCTGGCT-1,_6_
GAAATACTAAACGTTT-1,_5_
GAAATATCACCATCAG-1,_3_
GAAATATGCTTGAATG-1,_0_
GAAATCGCGCGCAACT-1,_10_
GAAATGGCGGTGTTAG-1,_9_
GAAATGGGATGTAAAC-1,_0_
GAAATTAGCACGGATA-1,_0_
GAAATTCACATCGCTG-1,_5_
GAAATTGTCTCTATAA-1,_3_
GAACAACTGGGATGAA-1,_2_
GAACACACATCAACCA-1,_5_
GAACAGATTACTAAAT-1,_8_
GAACATTAGTATGTTA-1,_4_
GAACCATCTGGGAGAC-1,_6_
GAACCCTCTGTGTTCT-1,_8_
GAACCTTTAACGATCC-1,_2_
GAACGACCGAATGATA-1,_5_
GAACGATAAGTTAAAG-1,_0_
GAACGCGGGTCACACG-1,_0_
GAACGGTGTAAAGCAG-1,_6_
GAACGTCTCATGGTCG-1,_7_
GAACTGTGGAGAGACA-1,_2_
GAACTTAGCGCCCGGT-1,_4_
GAAGAAACGATATTGT-1,_1_
GAAGAACGGTGCAGGT-1,_5_
GAAGACTTCAATGCCG-1,_6_
GAAGCCACTGATTATG-1,_8_
GAAGCCTGCACATTCC-1,_8_
GAAGCGTGAGGAATTT-1,_3_
GAAGCTCGGACCCGTC-1,_0_
GAAGCTTGCTGACCGC-1,_0_
GAAGGAGTCGAGTGCG-1,_0_
GAAGGCTACCATTGTT-1,_4_
GAAGGGTCATTAAGAC-1,_2_
GAAGTCTCCCTAGCGA-1,_1_
GAAGTGATTTATCGTG-1,_3_
GAAGTGCTGGATAGCT-1,_5_
GAAGTTTCCACTCAAT-1,_3_
GAATAGACGCGACCCA-1,_1_
GAATAGCATTTAGGGT-1,_0_
GAATAGCCCTGCGGTC-1,_4_
GAATAGTGCTCGATTA-1,_1_
GAATATTCGGAGTCCC-1,_0_
GAATCGACATGGTCAC-1,_9_
GAATCGCCGGACACGG-1,_5_
GAATCTGAACATTCTC-1,_3_
GAATGAAGGTCTTCAG-1,_4_
GAATGCCGAAATGACC-1,_5_
GAATGCGAATCGGTTC-1,_8_
GAATGTATGGCAGGTC-1,_4_
GAATGTTGGGTAATCT-1,_10_
GAATTATAGTGAAAGG-1,_9_
GAATTCACCCGGGTGT-1,_3_
GAATTTCTCGCTGCAG-1,_3_
GACAAACATATGCAGG-1,_6_
GACAACGACCATTGAA-1,_9_
GACAACGCAGCTTACG-1,_5_
GACAAGAGATGAGATT-1,_0_
GACACAAGGGAAGAAA-1,_9_
GACACAGCCGGGACTG-1,_2_
GACACGAGTTAGAGGA-1,_5_
GACACTGAGTTCAGTG-1,_3_
GACACTGGAACCCGAT-1,_0_
GACACTTCCAATTACC-1,_2_
GACAGGCACACACTAT-1,_3_
GACAGGTAATCCGTGT-1,_2_
GACATCCGTCGAACTG-1,_2_
GACATTTCGCCCAGCC-1,_1_
GACCAAACGTTGACTG-1,_6_
GACCACACTTCCCTTT-1,_2_
GACCAGAGCCCTGTAG-1,_0_
GACCAGGTCATTCATA-1,_6_
GACCCAATTATGATAC-1,_0_
GACCCGTCGCCGGCTA-1,_10_
GACCGACGTGAAAGCA-1,_6_
GACCGACTGAAGCGTC-1,_3_
GACCGATTAAATATGT-1,_1_
GACCGCGTCTGACGTG-1,_0_
GACCGTCAGGTCGTGA-1,_0_
GACCGTGCTGACGGTG-1,_3_
GACCTTCCACGTCTAC-1,_2_
GACGACGATCCGCGTT-1,_0_
GACGAGGCTAATAAAC-1,_2_
GACGATATCACTGGGT-1,_1_
GACGCCTGTTGCAGGG-1,_5_
GACGCTTGCTTCTAAA-1,_3_
GACGGACCGCGTTCCT-1,_6_
GACGGGCATCGAATTT-1,_2_
GACGGGTTGGCCCGTA-1,_1_
GACGGTCAATAGAAGC-1,_0_
GACGTGAGACTCCATG-1,_5_
GACGTGTAGGGATTAT-1,_7_
GACGTTCGTAAATACA-1,_4_
GACTAACACAGCACCT-1,_0_
GACTAAGATCATGCAC-1,_5_
GACTAAGTAGGCTCAC-1,_9_
GACTACAAAGCGGTGG-1,_0_
GACTACAATTGCTCGT-1,_6_
GACTAGGCCGTTAGGT-1,_2_
GACTCACCCACGTGAG-1,_6_
GACTCCCAGAATAAGG-1,_0_
GACTCCTTCCAATTGA-1,_1_
GACTCGCGGGAATGAC-1,_4_
GACTCGGTCGGCGGAT-1,_4_
GACTCTAGAGTTCCAA-1,_1_
GACTGATTGGTCACAA-1,_4_
GACTGCAAATCGAGCT-1,_8_
GACTGCGGCACGTGTA-1,_7_
GACTGCTGGTGAGAAA-1,_1_
GACTGGGCGCCGCAAC-1,_4_
GACTTCAACGCATCAA-1,_2_
GAGAACGGTTCTGACT-1,_2_
GAGACCCTGCAACGCC-1,_4_
GAGACTGATGGGTAGA-1,_9_
GAGAGGCCTATGTGTA-1,_2_
GAGAGGGCGCGAGGTT-1,_3_
GAGAGGTGCATTCTGG-1,_3_
GAGAGTCTCGGGAGAG-1,_1_
GAGATCTGCTTGGCAT-1,_3_
GAGATCTGTCACTCCG-1,_9_
GAGATGACAATCCTTA-1,_0_
GAGATGGCTTTAATCA-1,_2_
GAGATGGGAGTCGACA-1,_0_
GAGCACCTGTGTCCAG-1,_8_
GAGCATCAACAACTTG-1,_1_
GAGCATCATCCCTGGG-1,_5_
GAGCCACGGTAGTAGG-1,_5_
GAGCCAGCTACCTGTG-1,_2_
GAGCCGAGCGTTTATT-1,_4_
GAGCGAGGGAGTACCG-1,_5_
GAGCGCAAATACTCCG-1,_0_
GAGCGCGCACGAGTAG-1,_0_
GAGCGCTGTTAGGTAA-1,_1_
GAGCGGAATGCGGTGT-1,_1_
GAGCTAAGGGCATATC-1,_0_
GAGCTCAACATGAGCG-1,_2_
GAGCTCTCGGACCTAA-1,_5_
GAGCTGTCGTCTCGGA-1,_4_
GAGGAATATCTCTTTG-1,_1_
GAGGAATGGAGAGGTT-1,_0_
GAGGATAAACAGTGCT-1,_6_
GAGGCATTTGCAGCAG-1,_4_
GAGGCCCGACTCCGCA-1,_1_
GAGGCCTGTTGATACA-1,_2_
GAGGCTATCAAAGTCG-1,_3_
GAGGGAGTCAGATCGC-1,_1_
GAGGGCATCGCGTATC-1,_5_
GAGGGCCATAATATTA-1,_4_
GAGGGCGCAGCTCTGC-1,_4_
GAGGGTAGTAACAAAG-1,_1_
GAGGTACATCCATCTT-1,_10_
GAGGTACGCGTGTCCC-1,_2_
GAGGTCCCAAAGATCT-1,_5_
GAGTAAACCGGAAAGT-1,_0_
GAGTAAGGCCACGGGA-1,_0_
GAGTACGGGTATACAA-1,_5_
GAGTAGATACTAGTTG-1,_8_
GAGTATGCGCGTGCAT-1,_8_
GAGTCCGCTTACCGGA-1,_0_
GAGTGTCAACCAGAAA-1,_2_
GAGTGTGCGGTACCCA-1,_1_
GAGTTGATGGCAATTT-1,_7_
GAGTTGTCACCAGTCT-1,_1_
GATAAATCGGTGGATG-1,_5_
GATAACTCGCACTGTG-1,_1_
GATAAGGCAGATGCAA-1,_5_
GATACGATGGGAGTCA-1,_3_
GATAGAACCCGCTAGG-1,_1_
GATAGATAGTACAGTC-1,_2_
GATAGGTAACGTTGAC-1,_7_
GATAGTGCGAGTAAGT-1,_1_
GATATCTCATGCAATA-1,_5_
GATATGAGACACTAAC-1,_7_
GATATGCGGTAGCCAA-1,_4_
GATATGGATTACGCGG-1,_7_
GATATTGAGATTGGCG-1,_6_
GATATTTCCTACATGG-1,_4_
GATCAACATAAAGGGA-1,_1_
GATCATTCCAAACATT-1,_9_
GATCCCTTTATACTGC-1,_10_
GATCCGGGAATTAACA-1,_3_
GATCCTAAATCGGGAC-1,_4_
GATCCTCGACACTGGC-1,_7_
GATCCTCTTGCGCTTA-1,_6_
GATCGACACTATCTGA-1,_9_
GATCGCGGGCTCTCCA-1,_3_
GATCGCTACCCGATTT-1,_0_
GATCGCTATATCTCAG-1,_1_
GATCGCTGTGGTGCGT-1,_1_
GATCGGATAGAACCAT-1,_7_
GATCGGCGATAAGTCG-1,_0_
GATCGGTGGCCATAAC-1,_9_
GATCGTGACTGATATC-1,_3_
GATCTCGACGCTGTGG-1,_0_
GATCTGCTATCTAAGG-1,_8_
GATCTTGGAGGGCATA-1,_7_
GATCTTTGCAGGGTAT-1,_3_
GATCTTTGCTCAAAGA-1,_4_
GATGACAAGTAGGGCA-1,_1_
GATGACGATGATCGCG-1,_0_
GATGAGGAACCTTCGG-1,_2_
GATGCCAGCAGAAGGC-1,_7_
GATGCCTTCTGCGGCA-1,_1_
GATGCGTCCTGCATTC-1,_3_
GATGCTACAAGCGCCT-1,_5_
GATGCTACCTTCGATG-1,_1_
GATGCTGTATTTCATC-1,_1_
GATGGCGCACACATTA-1,_0_
GATGGTGAAATAACCC-1,_4_
GATGGTGCCCTAGGCA-1,_6_
GATGTAACGAACCACC-1,_7_
GATGTCCGGATCACAT-1,_5_
GATGTCGGTCAACTGC-1,_6_
GATGTGTTGTCACAAG-1,_6_
GATGTTCAATCCACGA-1,_3_
GATGTTTGTGCGAGAT-1,_0_
GATTAACCGAAAGCCC-1,_2_
GATTAATCCTGGCTCA-1,_5_
GATTACTGAATTTGGG-1,_3_
GATTCCCTTGTCGCAG-1,_9_
GATTCCGCGTTTCCGT-1,_0_
GATTCCTATACGGCGC-1,_0_
GATTCGACGGTTCACG-1,_3_
GATTCTGTTAATGAGT-1,_1_
GATTGACACTCTGCTC-1,_6_
GATTGCTCCAGTTGCA-1,_1_
GATTGGGAAAGGTTGT-1,_2_
GCAAACCCTACATTAT-1,_1_
GCAAACCTTGGCCATA-1,_8_
GCAAACGTCGCCAGGT-1,_0_
GCAAAGGGCGTTAGCC-1,_1_
GCAAATATTACGCTTT-1,_3_
GCAACACACTAGAACT-1,_0_
GCAACAGCAGTATGCG-1,_0_
GCAACCACCAGACCGG-1,_4_
GCAACCACGGCCGCGT-1,_3_
GCAACGGCTAGTTATG-1,_6_
GCAAGAATTCCTTGGC-1,_3_
GCAAGATGTGTTCGCG-1,_4_
GCAAGTGCACAGAGAA-1,_9_
GCAAGTGTAAAGCATG-1,_1_
GCAATTAGTCGCACCG-1,_10_
GCACAAACCCTAGATG-1,_1_
GCACAAACGAGGCGTG-1,_0_
GCACAACCTCGGGCGT-1,_1_
GCACAAGTGTCGGAAG-1,_5_
GCACACACTGGTAGCC-1,_2_
GCACACAGCTATTACC-1,_2_
GCACAGCACGGGCCGA-1,_1_
GCACCTAGGCGAGTCC-1,_2_
GCACGCCGATTCCCGC-1,_2_
GCACGTGGTTTACTTA-1,_2_
GCACTAGTCGCGCTAT-1,_5_
GCACTGCCTACCTTTA-1,_2_
GCACTGTGCAAATGTA-1,_5_
GCAGAAACGTAATCCA-1,_4_
GCAGACCCAGCACGTA-1,_6_
GCAGATCCATAAGACT-1,_2_
GCAGATTAGGGATATC-1,_0_
GCAGCACACAGCCCAG-1,_3_
GCAGCCTATATCACAT-1,_6_
GCAGCGGTGGGCATTA-1,_5_
GCAGCTATGGACAGGT-1,_4_
GCAGCTGTCAACGCAT-1,_2_
GCAGGAACTTAGATCT-1,_0_
GCAGGACTATAGAATA-1,_3_
GCAGGTAGAGTATGGT-1,_4_
GCAGTGTGGCTATAGG-1,_8_
GCAGTTCGATCCGAGC-1,_0_
GCATACGAGGTCTTTA-1,_7_
GCATAGAGCACTCAGG-1,_0_
GCATCCCTAACTTTGA-1,_5_
GCATCGGCCGTGTAGG-1,_4_
GCATGAGGGACGCGGC-1,_4_
GCATGCTAATAACGAT-1,_2_
GCATTCAAGGCAACGC-1,_4_
GCATTCGAAATGAACA-1,_7_
GCATTGTAATTCATAT-1,_7_
GCATTTCCAAGGCTCC-1,_6_
GCCAACCATTTCCGGA-1,_4_
GCCAAGAATACTTCTG-1,_0_
GCCAATAGGGCATCTC-1,_4_
GCCACAATTTAAGGAC-1,_3_
GCCACTCAGAGCGCGA-1,_2_
GCCACTCCTTACGGTA-1,_0_
GCCAGGAAAGAACACT-1,_1_
GCCAGGAGTAACCGAT-1,_0_
GCCAGGCGTTCGCATG-1,_6_
GCCATATTGCACACAG-1,_4_
GCCATCGATGCTGCAT-1,_6_
GCCATTAGCCTCAAAC-1,_0_
GCCCACCAAGGCTGTC-1,_5_
GCCCAGATGCTGGAGA-1,_6_
GCCCAGTTGGTATGCC-1,_0_
GCCCGACTTCTTCCCG-1,_7_
GCCCGAGAGTCTAAAT-1,_1_
GCCCGATCTGTGGTCG-1,_8_
GCCCGCGCGTAAACGG-1,_3_
GCCCGCGCGTTTGACA-1,_5_
GCCCGTAATACCTTCT-1,_9_
GCCCTAGCCGTCGCGA-1,_0_
GCCCTGAGGATGGGCT-1,_2_
GCCGAAATTCCTACGT-1,_3_
GCCGACCCACGACTGC-1,_1_
GCCGATTGGCCAAGCT-1,_3_
GCCGCTTGTGAGAAAC-1,_3_
GCCGGAAACACATCTT-1,_6_
GCCGGGTTAGGGTCGC-1,_3_
GCCGGTCGTATCTCTC-1,_1_
GCCGTCGGTTTCGGGC-1,_1_
GCCGTGGAAGAAATGT-1,_6_
GCCTACGTTCTGTGCA-1,_2_
GCCTAGCGATCTGACC-1,_5_
GCCTATAGTGTCAGGG-1,_4_
GCCTATGCTGGGCCTT-1,_0_
GCCTATTCCGATATAG-1,_0_
GCCTATTTGCTACACA-1,_5_
GCCTCATCTGGAAATA-1,_7_
GCCTCCGACAATTCAC-1,_2_
GCCTCTATACATAGCA-1,_8_
GCCTGCTACACTGAGA-1,_4_
GCCTGTCCCGGTGCAT-1,_1_
GCCTTCAGCCCTACCG-1,_8_
GCCTTGTATATGCAGT-1,_5_
GCCTTTGTCAGTGGAC-1,_1_
GCGAAACGATCGGGAG-1,_2_
GCGAAGAATCTGACGG-1,_2_
GCGAAGCCATACCCGT-1,_9_
GCGAATGGACTAGCGA-1,_1_
GCGACATGTAAACATC-1,_6_
GCGACCCAACCATCTG-1,_1_
GCGACGATAGTTGTAC-1,_3_
GCGACGGTAGTCTCCT-1,_2_
GCGAGAAACGGGAGTT-1,_5_
GCGAGAGGCCATGTAA-1,_4_
GCGAGAGTTGCGTCCA-1,_6_
GCGAGCGCATGCTCCC-1,_6_
GCGAGGCCCGAGCAGA-1,_3_
GCGAGTTCTGCAAAGA-1,_9_
GCGATTCTGGAAGCAG-1,_6_
GCGATTGTTAACGTTA-1,_0_
GCGCAAATATATTCAA-1,_1_
GCGCAAGAGCGCGCTG-1,_6_
GCGCATCCAGTCAGCA-1,_4_
GCGCCGTTCCACGATA-1,_3_
GCGCCTCCCACTCCGA-1,_8_
GCGCGGTCTAGTAACT-1,_1_
GCGCGTCATTGGTACA-1,_8_
GCGCTAATTGAATAGA-1,_9_
GCGCTATGCCGAGGCA-1,_3_
GCGCTGATCCAGACTC-1,_0_
GCGCTGCTTTGCATTT-1,_4_
GCGCTTAAATAATTGG-1,_2_
GCGGAGAAACTTCGCA-1,_1_
GCGGATTACTTGTTCT-1,_2_
GCGGCAAAGTATTGCC-1,_1_
GCGGCTCTGACGTACC-1,_3_
GCGGCTTTAGCAAGTT-1,_2_
GCGGGAACCAGGCCCT-1,_8_
GCGGGCAGACGGGTGA-1,_1_
GCGGGCATTACGATGC-1,_6_
GCGGTAACCCAAATGA-1,_5_
GCGGTCCCGGTGAAGG-1,_4_
GCGGTCCCTAGACGCA-1,_5_
GCGGTCTTGCTTTCAC-1,_2_
GCGGTGAACTGCGCTC-1,_4_
GCGGTTCCCTATCATG-1,_3_
GCGTAAATGGCCATAA-1,_6_
GCGTCCCTAAGACATA-1,_1_
GCGTCGAAATGTCGGT-1,_10_
GCGTCGCCAGGGTGAT-1,_8_
GCGTCGTAACATGGTC-1,_2_
GCGTCTCTGCATTGGG-1,_3_
GCGTGGTACTGGGTTA-1,_7_
GCGTGTATGTCGTATT-1,_6_
GCGTTCGGAGACCGGG-1,_4_
GCTAAACCTGAGGTGA-1,_0_
GCTAACTGAAGTCTGA-1,_2_
GCTAAGCCCAGTATGC-1,_2_
GCTAAGTAAAGGCGAT-1,_7_
GCTAAGTAGTTTCTCT-1,_9_
GCTAATACCGAATGCC-1,_5_
GCTACAATCGAGGATA-1,_2_
GCTACAGTACGGACCG-1,_7_
GCTACGACTTATTGGG-1,_7_
GCTACTATAGTAGAGT-1,_2_
GCTAGACCGTCTACTG-1,_6_
GCTAGAGTAGAGATGT-1,_2_
GCTAGCAGGGAGTGGG-1,_4_
GCTAGCGATAGGTCTT-1,_1_
GCTAGGCACCACGGAG-1,_2_
GCTAGTAGAGCTTGTA-1,_3_
GCTAGTTTCATTGAGG-1,_5_
GCTATAAGGGCCAGGA-1,_2_
GCTATACGTCTCGGAC-1,_2_
GCTATCATACTCATGG-1,_8_
GCTATCGCGGCGCAAC-1,_5_
GCTCAATGTAATACCG-1,_8_
GCTCATTACTGCATGT-1,_4_
GCTCCATGCAAAGCAA-1,_1_
GCTCCCAGTCGGTCCA-1,_6_
GCTCCGCTCGCTTCAG-1,_6_
GCTCCTGACATACTGG-1,_1_
GCTCGCTCATGTCCAA-1,_6_
GCTCGGAATTTAAAGC-1,_0_
GCTCTAAACCCTGACG-1,_10_
GCTCTATGTTACGTGC-1,_9_
GCTCTCGGGTACCGAA-1,_9_
GCTCTTTCCGCTAGTG-1,_0_
GCTGAACTCTCCAGGG-1,_0_
GCTGAATCTTCCAATC-1,_1_
GCTGAGGCGTGAGTAT-1,_3_
GCTGCACGGTTTCTTA-1,_0_
GCTGCTAAGTAGTCGA-1,_0_
GCTGCTACTGCGTAGC-1,_0_
GCTGCTCTCCGGACAC-1,_9_
GCTGGACCCAAAGTGG-1,_0_
GCTGGCATATTCACCT-1,_3_
GCTGGCGGCGCATGCT-1,_8_
GCTGGTGACTCGTAGT-1,_4_
GCTGGTTTAGGCCATA-1,_1_
GCTGTATTACTGGCCC-1,_3_
GCTGTTGCTACCGAAC-1,_7_
GCTTAATGTAACTAAC-1,_1_
GCTTACGTAGTTAGTA-1,_6_
GCTTATGAAGCAGGAA-1,_7_
GCTTCAGTGGGATTAC-1,_4_
GCTTCCAGCTTAGATT-1,_5_
GCTTCCATGTAACCGC-1,_2_
GCTTCCCGTAAGCTCC-1,_1_
GCTTCCGTCCCTAGAC-1,_9_
GCTTCGACGTTCAATC-1,_1_
GCTTGAGTGACCTCTG-1,_2_
GCTTGATGATAATCAG-1,_0_
GCTTGCAGCACAATTG-1,_4_
GCTTGGATCGATTAGG-1,_4_
GCTTTACACAACTGGG-1,_2_
GCTTTCAGAGGAGGTG-1,_4_
GCTTTCTATCTCAACT-1,_4_
GGAAACCTTGTTGAAT-1,_4_
GGAAACTAAATGGGCC-1,_2_
GGAAAGGGAATTGAGC-1,_2_
GGAAAGTGCCCATGCC-1,_4_
GGAACCGTGTAAATTG-1,_0_
GGAACCTTGACTCTGC-1,_1_
GGAACGGCCTGCAGCC-1,_7_
GGAACTTTGGCGATTA-1,_2_
GGAAGCTCGCTTACAG-1,_0_
GGAAGGACACCGTATA-1,_2_
GGAATAACCTCAAGAA-1,_6_
GGAATGCGCTAGCGTG-1,_9_
GGACAACCATGAAGCC-1,_2_
GGACACAAGTTTACAC-1,_8_
GGACACCTCGGTGTTG-1,_1_
GGACCAACAGGATAAC-1,_7_
GGACCTACGGTAACGT-1,_0_
GGACCTCTAGGCCGCC-1,_1_
GGACGGCTTGCGCAAC-1,_4_
GGACGGGCGACCAACC-1,_2_
GGACGTCCATAGTTGG-1,_4_
GGACTCGACAGCGCAT-1,_1_
GGACTCGTGAGTGGTC-1,_1_
GGACTCTTTGACTAAG-1,_2_
GGAGAAGTCATTGGCA-1,_0_
GGAGACCAATGTGCTT-1,_4_
GGAGACGACACCTTTG-1,_7_
GGAGCAACATTTCAAG-1,_2_
GGAGCACCAAGAACTA-1,_0_
GGAGCGAGGCCTACTT-1,_2_
GGAGGATTGAAAGGAG-1,_6_
GGAGGCCGAAGTCGTC-1,_6_
GGAGGGCTTGGTTGGC-1,_0_
GGAGGGTCAAGTAAGA-1,_6_
GGAGTGCCGCCCTGGA-1,_5_
GGAGTTGATTCTGTGT-1,_2_
GGATACTCATGAATTG-1,_5_
GGATCAAAGGACGAGG-1,_10_
GGATCATCCCGTACGC-1,_4_
GGATCCCTACCAGCTA-1,_5_
GGATCCGGAATATACT-1,_3_
GGATCTTACTGCCCTT-1,_1_
GGATCTTGACTCAACC-1,_0_
GGATGAAGATCGCTGA-1,_7_
GGATGACGCGAGTTTA-1,_3_
GGATGCTGGCGTTCCT-1,_7_
GGATGGCTTGAAGTAT-1,_2_
GGATGTCCTTACCGCA-1,_7_
GGATTAAGCTAAGGTC-1,_6_
GGATTAATCATGGACC-1,_2_
GGATTCAGTACGGTGG-1,_0_
GGATTCCGCTATACCC-1,_0_
GGATTGCTGTGACTCC-1,_8_
GGATTTCACTTCTATA-1,_0_
GGCAAAGGCGCCAATA-1,_1_
GGCAAATTACTTTACT-1,_3_
GGCAAGCCAGGGATAG-1,_4_
GGCAAGCCCATAGTGG-1,_0_
GGCAAGGCGAAATAGC-1,_7_
GGCAATAGTCAATGAG-1,_9_
GGCACGCTGCTACAGT-1,_2_
GGCACTCCACTGGGCA-1,_3_
GGCACTGCGGTGGTTT-1,_2_
GGCAGCAAACCTATGC-1,_0_
GGCAGCGGTAATCCTA-1,_4_
GGCATACAGGTAGCGG-1,_3_
GGCATATCGGTTCTGC-1,_0_
GGCATCAACGAGCACG-1,_10_
GGCATTGAACATCTCA-1,_1_
GGCCAATTGTATAGAC-1,_2_
GGCCCAATCTAGAGGG-1,_4_
GGCCCAGCTGGTTTGC-1,_2_
GGCCCAGTTATCAGCA-1,_4_
GGCCCGGAGCATGTCT-1,_6_
GGCCCGTATACCATGC-1,_0_
GGCCCTCACCCACTTA-1,_3_
GGCCGAGACTCTGGTG-1,_1_
GGCCGCAGGAACCGCA-1,_2_
GGCCGGCGTCTGCTAT-1,_2_
GGCCGTTTGGGTTTCA-1,_1_
GGCCTGCTCTGATGTT-1,_1_
GGCCTGCTTCTCCCGA-1,_6_
GGCGAAATCTAACTTG-1,_1_
GGCGCAGGACATCTTC-1,_3_
GGCGCATGAATTGATG-1,_3_
GGCGCGGAGATCTTTC-1,_2_
GGCGCGTTCGAGTTTA-1,_3_
GGCGCTCCTCATCAAT-1,_0_
GGCGCTTCATTCCCTG-1,_2_
GGCGGAGTAATATTAG-1,_3_
GGCGGTAGGATCATTG-1,_9_
GGCGTACCCTATATAA-1,_6_
GGCGTAGGGAAAGCTG-1,_2_
GGCGTCCTATCCGCTG-1,_3_
GGCTAAAGGGCGGGTC-1,_4_
GGCTAATGATTGAAAT-1,_4_
GGCTACTATACACTCC-1,_1_
GGCTATTAAGTTGTAT-1,_0_
GGCTCCTCCACCTGTT-1,_1_
GGCTCGCGTTGAGGTA-1,_4_
GGCTCGTGCCACCAGC-1,_5_
GGCTCTGCTCCAACGC-1,_9_
GGCTGAAATAGCAAAG-1,_0_
GGCTGAGCATCGTAAG-1,_4_
GGCTGGCTAGCTTAAA-1,_5_
GGCTTTCAATAAGGGT-1,_8_
GGGAAAGAATGCCAAC-1,_2_
GGGAACGGGAGGTTAG-1,_3_
GGGAACGGTTTCAGAT-1,_1_
GGGAAGACGGTCTGTC-1,_2_
GGGAAGGGCTTTCTCA-1,_2_
GGGAATGAGCCCTCAC-1,_4_
GGGACAGAGTTACTCC-1,_1_
GGGACTGCATAGATAG-1,_9_
GGGAGAACTCACAGTA-1,_9_
GGGAGCGACCGTAGTG-1,_2_
GGGAGGATGCCCGAAA-1,_3_
GGGAGTAATGGCTGGC-1,_5_
GGGAGTTAATGAGGCG-1,_9_
GGGATCCCAATACAAA-1,_4_
GGGATGGTCGTAACCG-1,_3_
GGGATTTACCGCACCT-1,_0_
GGGCAACCGCACGTGC-1,_1_
GGGCACGTAGTACTGT-1,_1_
GGGCAGAGCAATCGTT-1,_8_
GGGCAGTCAACGCCAA-1,_2_
GGGCATGCATGTCGAG-1,_1_
GGGCCATTCGTGCTGG-1,_1_
GGGCCCGTCTTAAACA-1,_3_
GGGCCCTACGAAAGGG-1,_0_
GGGCCGGCCGAAGTAC-1,_0_
GGGCCTATTTAAGTAT-1,_4_
GGGCGATATGTGTGAA-1,_9_
GGGCGCAGCGTTACTC-1,_6_
GGGCGGGTTCCCTACG-1,_3_
GGGCGGTCCTATTGTC-1,_5_
GGGCGTACATTTATAT-1,_10_
GGGCGTCACCACGTAA-1,_3_
GGGCGTCCACTGGCTC-1,_0_
GGGCGTGGTTTCCCAG-1,_8_
GGGCGTTTACATTCAT-1,_1_
GGGCTCATCGAACCCA-1,_4_
GGGCTGCCTAGGGCGA-1,_3_
GGGCTGGTTAGTCGCG-1,_0_
GGGTAATGCTGTGTTT-1,_5_
GGGTACCCACGGTCCT-1,_5_
GGGTACTTCATGAACT-1,_3_
GGGTATGTATGCACTT-1,_3_
GGGTATTCTAGCAAAC-1,_0_
GGGTCACCGTGACGGT-1,_3_
GGGTCAGGAGCTAGAT-1,_0_
GGGTCATGCGTACCAT-1,_7_
GGGTCCTTGGAAGAAG-1,_1_
GGGTCGTGGCAAGTGT-1,_4_
GGGTCTATCGCTTTCC-1,_2_
GGGTGACACCTTAACT-1,_3_
GGGTGCATATGAAAGC-1,_0_
GGGTGGTCCAGCCTGT-1,_6_
GGGTGTTTCAGCTATG-1,_10_
GGGTTCAGACGAACAA-1,_5_
GGGTTTAGGATAGGAT-1,_6_
GGTAAACTCTGCGCTG-1,_2_
GGTAAATGTGCGTTAC-1,_0_
GGTAACCGGGAGGATA-1,_1_
GGTAACTATGTATCTG-1,_5_
GGTACAAACATGCTAT-1,_3_
GGTACACCAGATTTAT-1,_4_
GGTACATCTGGGACGA-1,_7_
GGTACCATTAAGACGG-1,_4_
GGTACGTTGCGGCCGG-1,_2_
GGTAGAAGACCGCCTG-1,_8_
GGTAGGCCAATATCAC-1,_1_
GGTAGTGCTCGCACCA-1,_9_
GGTATAGTGACACATA-1,_6_
GGTATTGCCGAGTTTA-1,_3_
GGTCAAGACTACTTCG-1,_0_
GGTCACGTTAGATTCA-1,_10_
GGTCAGTGGGTCCCAC-1,_7_
GGTCATTGTAGTCATA-1,_4_
GGTCGGATAAACGGCG-1,_4_
GGTCGGCCAGGAGCTT-1,_0_
GGTCGGTAATTAGACA-1,_5_
GGTCGTAAGCTCGCAC-1,_7_
GGTCTCCGTCCAGGTT-1,_2_
GGTCTCTGAATGGACT-1,_7_
GGTCTGAGAATCTGGA-1,_9_
GGTCTTGAGCGCTCTT-1,_8_
GGTGAAACCGGGAATG-1,_10_
GGTGAACGGGCTAGCC-1,_5_
GGTGAAGTACAGGGAT-1,_3_
GGTGAGATGCAGATAA-1,_5_
GGTGATAAGGAGCAGT-1,_0_
GGTGATTTCATCTTGT-1,_5_
GGTGCAGAGCCTATCG-1,_0_
GGTGCATAAATGATTA-1,_1_
GGTGCGGATAAGTGGC-1,_5_
GGTGCTGATCACAAAG-1,_0_
GGTGCTGGTACACATT-1,_3_
GGTGGACCACGTGTTA-1,_4_
GGTGGACTGCTCTGGC-1,_2_
GGTGTAAATCGATTGT-1,_2_
GGTGTAGGTAAGTAAA-1,_1_
GGTGTTCTGTTTCTAC-1,_6_
GGTTACCACCCTCGGG-1,_3_
GGTTACCCGACACTTT-1,_6_
GGTTAGCTATATGTCT-1,_1_
GGTTAGGCTTGGAGAA-1,_0_
GGTTAGTTACGGCGCC-1,_7_
GGTTCCCTAGTGTCTC-1,_4_
GGTTCGATGCTGAGTT-1,_6_
GGTTCGCATTTGCCGT-1,_2_
GGTTCTACTCGTCTGA-1,_6_
GGTTGTATCGTGAAAT-1,_6_
GGTTTAATTACCATCG-1,_1_
GGTTTAATTGAGCAGG-1,_4_
GGTTTACAATCTCAAT-1,_10_
GGTTTAGCCTTTCTTG-1,_6_
GGTTTCAATCGGTCAG-1,_4_
GGTTTGACAAGAAGCT-1,_4_
GGTTTGAGTGCTGGAA-1,_5_
GGTTTGCGAACACGTA-1,_4_
GGTTTGTGACCTGAGG-1,_2_
GTAACAACTGACCTTG-1,_4_
GTAACATCTAAGATAA-1,_6_
GTAACTGCCCAAGGAG-1,_1_
GTAACTTGCGGCAGTC-1,_5_
GTAAGCGGGCAGTCAG-1,_10_
GTAAGGATTTGTCGGA-1,_6_
GTAAGTAACAGTCTGG-1,_1_
GTAAGTAGGGTATACC-1,_0_
GTAAGTCCACACTCTA-1,_0_
GTAATAAAGGGCTCCC-1,_0_
GTACACTTACCTGAAG-1,_3_
GTACAGAGGCAAGGGT-1,_7_
GTACGACGGCGCTGCG-1,_5_
GTACGAGATTGCGACA-1,_5_
GTACGTCACGTATTAA-1,_4_
GTACGTTTGCCCGTCA-1,_7_
GTACTAAGATTTGGAG-1,_9_
GTACTCCCTTATCGCT-1,_3_
GTACTCCTGGGTATGC-1,_4_
GTACTGAGGTCGTAAC-1,_5_
GTACTGCATGAAGCGT-1,_5_
GTACTGGAGTTAGACC-1,_3_
GTACTTGGGCACTTCT-1,_5_
GTAGAAACGGGTGGAG-1,_7_
GTAGACAACCGATGAA-1,_10_
GTAGACACGCCTGACT-1,_8_
GTAGACGTCGTTACAT-1,_5_
GTAGAGGGAGACAAGT-1,_0_
GTAGCCAAACATGGGA-1,_0_
GTAGCGCTGTTGTAGT-1,_10_
GTAGCGGCTATACACT-1,_3_
GTAGCTAGTAAGCGCG-1,_6_
GTAGCTCCGGGAGGCT-1,_1_
GTAGCTTCCTCTTGTT-1,_4_
GTAGGTGATCCGTGTA-1,_0_
GTAGTCGCGGGAATCA-1,_0_
GTAGTCTACGATATTG-1,_8_
GTAGTGAGCAACCTCA-1,_2_
GTAGTTCGAAGGCGAA-1,_1_
GTATAATCTCCCGGAT-1,_5_
GTATAGGACTCAGTAG-1,_5_
GTATAGTGGCCCATGT-1,_6_
GTATATGTTACGGCGG-1,_5_
GTATCAAACGTTAGCT-1,_2_
GTATCAAGGTACTTCC-1,_2_
GTATCAGCTTGGGTTC-1,_0_
GTATCCTTTGGTAACC-1,_2_
GTATCGGGACGAGCTG-1,_5_
GTATCTCAGTCTTGAC-1,_1_
GTATCTCCCTAACTGT-1,_6_
GTATCTCGGGCGCTTT-1,_1_
GTATCTTGTTGCTCAC-1,_6_
GTATCTTTCATAACCA-1,_7_
GTATGAAATTTCACTC-1,_7_
GTATGACGTGGGAAAC-1,_5_
GTATGTGGGTCTAGTT-1,_0_
GTATTAAGGCGTCTAA-1,_5_
GTATTAGGGTTCGCGT-1,_4_
GTATTCTGAGAAACGA-1,_3_
GTATTCTTACCGTGCT-1,_5_
GTATTTAATGGCATAA-1,_0_
GTCAAAGAAGTGGTGT-1,_1_
GTCAAAGTTTACATAG-1,_5_
GTCAACCAGGCCTATA-1,_2_
GTCAAGCGGACTCGGG-1,_3_
GTCAATGCTATAATTT-1,_4_
GTCAATTGTACTGAAG-1,_10_
GTCACAAAGTTTCCAA-1,_10_
GTCACTCTCCAAATCT-1,_5_
GTCAGAATAGTCTATG-1,_3_
GTCAGTTGTGCTCGTT-1,_6_
GTCAGTTTGGTAGTCG-1,_7_
GTCATCTCCTACAGCT-1,_5_
GTCATGCACCTCCGTT-1,_9_
GTCATGCGCGAGGGCT-1,_2_
GTCATGGACATGACTA-1,_9_
GTCATTAGAGCGAACG-1,_3_
GTCCAATATTTAGCCT-1,_1_
GTCCAGGCACGTGTGC-1,_1_
GTCCATTACTGCTACG-1,_6_
GTCCCAACGTAAAGTA-1,_9_
GTCCCGCGACGTTATG-1,_8_
GTCCGGACCTGAAATT-1,_2_
GTCCGGCTGAATTGCG-1,_9_
GTCCGGGTTCACATTA-1,_2_
GTCCTACAGGCGGCTC-1,_5_
GTCCTACGAATAGTCT-1,_2_
GTCCTTCTAGTGGGTT-1,_0_
GTCCTTTAATGACTTC-1,_4_
GTCGAATTTGGGCGCT-1,_1_
GTCGCGTAACCCGTTG-1,_0_
GTCGGAAGGATACCAG-1,_4_
GTCGGATATCTCAGAC-1,_3_
GTCGGATGTAGCGCGC-1,_0_
GTCGGGAAGCAGAAAC-1,_8_
GTCGGGTGAAGTACCG-1,_2_
GTCGTACCATCTCGGG-1,_7_
GTCGTATTGGCGTACA-1,_4_
GTCGTCAATTATAAGG-1,_5_
GTCGTCTGGTTGGCTA-1,_0_
GTCGTGTCTGGTCATC-1,_4_
GTCTAGTGAGCCGCTT-1,_2_
GTCTATCTGAGTTTCT-1,_3_
GTCTATTGCATGCTCG-1,_2_
GTCTATTGGTTCCGGT-1,_0_
GTCTCAAGGCCCGGCT-1,_8_
GTCTCCCGAGTCCCGT-1,_2_
GTCTCCGCCTCAATAC-1,_1_
GTCTCCTGCCAGTATG-1,_1_
GTCTCGACTAAGTTTG-1,_4_
GTCTCGATCTGCTTTC-1,_0_
GTCTCGCCAACACGCC-1,_6_
GTCTGCCGACTCGACG-1,_2_
GTCTGGGCGGTCGAGA-1,_3_
GTCTTACCACGCCAAG-1,_2_
GTCTTAGTACAGCCGG-1,_0_
GTCTTGAGGAGCAGTG-1,_6_
GTCTTGTAGCTATTCA-1,_6_
GTGAAACGGCGCCACC-1,_0_
GTGAAACGTGCTCCAC-1,_5_
GTGAACTCCCATTCGA-1,_0_
GTGAAGATTTCAAGTG-1,_4_
GTGAAGCCGTATAGTC-1,_4_
GTGACAGCTTCCCACT-1,_2_
GTGACCGCACACTACG-1,_0_
GTGACGAGGGTGACCC-1,_6_
GTGACGCAGGTTTCAT-1,_2_
GTGACTTCAGTAGTGC-1,_3_
GTGAGATAACCTTATA-1,_1_
GTGAGCGTGCTGCACT-1,_3_
GTGAGGACACTTAAGG-1,_7_
GTGAGGAGCGGTTGAG-1,_7_
GTGAGTCGACTAATAG-1,_2_
GTGATCAAGCGTGCAC-1,_1_
GTGATCACTAACGCCT-1,_0_
GTGATCATAGATCTGC-1,_3_
GTGATCCTTGTCATGA-1,_2_
GTGATGCACAACATCT-1,_4_
GTGATTCGCCGCTCAA-1,_3_
GTGCAACAAATGTGGC-1,_5_
GTGCACCAGCTTCAAC-1,_1_
GTGCACGAAAGTGACT-1,_10_
GTGCCATCACACGGTG-1,_3_
GTGCCGCTTCAAAGGT-1,_3_
GTGCCTCAGTGTACGG-1,_0_
GTGCCTGAGACCAAAC-1,_2_
GTGCGAAATCGAACAC-1,_3_
GTGCGACAGGGAGTGT-1,_6_
GTGCGCAGCTTGCTCC-1,_5_
GTGCGGGACCATCGGC-1,_10_
GTGCGGGTCTCCAAAT-1,_5_
GTGCGTGTATATGAGC-1,_1_
GTGCTCAAGTACTGTC-1,_3_
GTGCTTACATCAGCGC-1,_0_
GTGGAACCTACATGCG-1,_0_
GTGGACCAACCCGATT-1,_0_
GTGGACGCATTTGTCC-1,_8_
GTGGACGTGCTGAGAC-1,_5_
GTGGAGCGTTTACCGA-1,_1_
GTGGCAAACAGCGGCA-1,_7_
GTGGCCGGTTTCTCGG-1,_1_
GTGGCGGGCCGTAGCT-1,_6_
GTGGCGGTCCCAGCGT-1,_7_
GTGGCTGTTTCTGTTC-1,_2_
GTGGGAACAAACCGGG-1,_1_
GTGGGAAGACTGAATC-1,_7_
GTGGGCTTAGACACAC-1,_0_
GTGGTCAGCGAAGTAT-1,_0_
GTGGTTACTTCTTTCG-1,_0_
GTGGTTTCCGCCTTTC-1,_3_
GTGTACCTTGGCTACG-1,_9_
GTGTATATCAGCGGGC-1,_8_
GTGTATGACTTTAAAG-1,_10_
GTGTCAGTGTACGTGG-1,_1_
GTGTCGTATAGCGTTC-1,_8_
GTGTCGTATTCACCTT-1,_4_
GTGTGAATAACTTAGG-1,_0_
GTGTTACTATGCGTCC-1,_0_
GTTAAAGTAGGACTGG-1,_0_
GTTAACATCACTTAAA-1,_8_
GTTAACTATGTTGTCA-1,_6_
GTTAAGGGTGCGATGT-1,_8_
GTTAAGTTAGAGTGGG-1,_6_
GTTACAATTGGTGACG-1,_3_
GTTACCTACAACTTGC-1,_7_
GTTACTTTGGGCCTAG-1,_3_
GTTAGAGTGTGCCGCT-1,_6_
GTTAGCCCATGACATC-1,_2_
GTTAGCCGTAAATCAA-1,_0_
GTTAGGCTACCCGTTT-1,_0_
GTTATAATACGGTGAA-1,_0_
GTTATATCAGGAGCCA-1,_4_
GTTATATTATCTCCCT-1,_3_
GTTATCAAGCTATCGA-1,_2_
GTTATCACCTTCTGAA-1,_6_
GTTATTAAATACGACC-1,_6_
GTTATTAACGTGGGAG-1,_0_
GTTCAATCTATGTCAA-1,_6_
GTTCACAGGAGTCTAG-1,_3_
GTTCAGTCGCCAAATG-1,_1_
GTTCATCGTTTGGCTG-1,_6_
GTTCCAAGACAGCGAC-1,_5_
GTTCCAGTCTGACCAT-1,_5_
GTTCCGTCCGCCTGCA-1,_1_
GTTCGACAATTGTATA-1,_1_
GTTCGCCATAAGTGCC-1,_3_
GTTCGCTGAGACGTCT-1,_0_
GTTCGGAGCACTCAAC-1,_2_
GTTCGGATCGGGAACA-1,_6_
GTTCGGGCGTACCATT-1,_6_
GTTCGTCTAAAGAACT-1,_2_
GTTCGTCTGGGTCCCT-1,_4_
GTTCTTCCCTCGATGT-1,_5_
GTTCTTGTAACTCAAT-1,_1_
GTTGAACCGGTTCCAT-1,_3_
GTTGAGTCCCGCCGGT-1,_0_
GTTGCACGGAGTTTCG-1,_0_
GTTGCGCTAACATTAC-1,_0_
GTTGCGGACGGTCAGG-1,_0_
GTTGGACCGCATCAGG-1,_4_
GTTGGATTCAGTGGCT-1,_4_
GTTGGATTGAGAACAC-1,_0_
GTTGGATTTGCGTTGG-1,_3_
GTTGGTCATGCTATCC-1,_8_
GTTGTAGATTTATGAG-1,_1_
GTTGTCGTGTTAGTTG-1,_5_
GTTGTTACATTGCGCT-1,_4_
GTTTACGTTCCATCTG-1,_7_
GTTTCAAACGAGTTGT-1,_2_
GTTTCATATCGTCGCT-1,_3_
GTTTCCTGGAGGGTGA-1,_9_
GTTTCTAGAGGCGCGG-1,_2_
GTTTCTGCAGTCTCCC-1,_3_
GTTTGACCAAATCCTA-1,_9_
GTTTGGCCCAAGTTAT-1,_1_
GTTTGGCCGCTCAGCG-1,_5_
GTTTGGCGTCAGGCAC-1,_6_
GTTTGGGCTTGTGAGC-1,_7_
GTTTGGGTTTCGCCCG-1,_2_
GTTTGGTGATCGGTGC-1,_1_
TAAACGTCGTCAATGA-1,_5_
TAAAGACAACCCTTTA-1,_0_
TAAAGAGCCCGAAACC-1,_5_
TAAAGCGGTATTTCCA-1,_1_
TAAAGCGTTAGGAGAA-1,_4_
TAAAGCTGCAATAGGG-1,_4_
TAAAGTGCACGTCTCG-1,_1_
TAAATCTTTACACCTC-1,_4_
TAAATGAATCCGTTTC-1,_5_
TAAATGCCGTCTCATG-1,_4_
TAAATTGTGGGTAAAG-1,_1_
TAAATTTAGTAACACC-1,_1_
TAACAAAGGGAGAAGC-1,_0_
TAACAATATTTGTTGC-1,_7_
TAACAGCGTTTGTGCT-1,_1_
TAACAGGTTCCCTTAG-1,_1_
TAACATACAATGTGGG-1,_3_
TAACATACACGCGATC-1,_1_
TAACCGCCCGCAGTGC-1,_5_
TAACCTACCGTCCGAG-1,_0_
TAACCTAGGGAGTCCA-1,_2_
TAACGCTTTGAGAGCG-1,_0_
TAACTATCGAAGGTCC-1,_0_
TAACTATTACGCCAAA-1,_0_
TAACTCATCCGCGCGG-1,_3_
TAACTCCATGGAGGCT-1,_5_
TAACTGAAATACGCCT-1,_1_
TAAGAGGGACAGGGAC-1,_1_
TAAGCAGGCGACACGC-1,_3_
TAAGCCCTTACGACCA-1,_4_
TAAGCGCGAATCAAAT-1,_1_
TAAGGAACTTGTGGGA-1,_5_
TAAGGCAACATAAGAT-1,_9_
TAAGGCCCGTCACCCT-1,_8_
TAAGGCTGAATCCCTC-1,_6_
TAAGGGCCTGTCCGAT-1,_2_
TAAGGGCTGGGAGAGG-1,_7_
TAAGTAAATGTGCCGC-1,_4_
TAAGTAACATCTTGAC-1,_3_
TAAGTCGCCGAGTATC-1,_1_
TAAGTTGCGACGTAGG-1,_2_
TAATAAACAAGGAGAT-1,_4_
TAATACACAGTAGTAT-1,_5_
TAATACTAGAACAGAC-1,_2_
TAATAGAACAGAGTTA-1,_7_
TAATAGGTCACCAGAA-1,_1_
TAATAGTGACGACCAG-1,_0_
TAATATTGAAATTCGC-1,_5_
TAATCGATCCGTACGT-1,_4_
TAATGAAAGACCCTTG-1,_7_
TAATTACGTCAGTAGA-1,_2_
TAATTAGATGGATATG-1,_5_
TAATTAGGACATCCGT-1,_6_
TAATTGCGCTGATTAC-1,_1_
TAATTGGAATCGGGAA-1,_4_
TACAACAGCGCATACA-1,_2_
TACAACGCACAACTCA-1,_3_
TACAAGCTGTTCACTG-1,_6_
TACAAGGGCTTCTTTA-1,_2_
TACAAGTCTCGTGCAT-1,_3_
TACACAGCCGTGGTGC-1,_2_
TACACCGTCGTTAGTC-1,_4_
TACACCTCTTCGAATC-1,_2_
TACAGAAACGGTGGGC-1,_2_
TACATAGGCATACACC-1,_3_
TACATCCCTATCCCTG-1,_7_
TACATTTCTAACGTGC-1,_3_
TACCAAATAGCCCAGA-1,_8_
TACCAATAAAGTACCA-1,_8_
TACCAGAAGTAGGTTC-1,_0_
TACCAGCTAGGTTTAA-1,_10_
TACCAGGAATCCCGTC-1,_1_
TACCGAATAATTGTAA-1,_2_
TACCGCGGACTTGCAG-1,_7_
TACCGGCTCACTGCCC-1,_7_
TACCGGTCGTTTCCAT-1,_3_
TACCGTAGGTTAACTA-1,_8_
TACCGTGCCTCGGACC-1,_0_
TACCTACTCCCAGTAT-1,_8_
TACCTCACGCTTGTAC-1,_5_
TACCTCAGTTGTCTGT-1,_1_
TACCTCCACACCAATG-1,_1_
TACCTGCTGCACTGTG-1,_0_
TACCTTAAGATTTCCC-1,_7_
TACGAACACGACTTCA-1,_3_
TACGACGCTTGCTGCG-1,_3_
TACGACTGCCTCTTAG-1,_10_
TACGAGAACTTCACGT-1,_3_
TACGATGTTGATCATC-1,_3_
TACGCAGTTCTTTCCT-1,_3_
TACGCCATATTCTAAT-1,_3_
TACGCCGAGGGTACCC-1,_1_
TACGCCTCCATTCCGA-1,_8_
TACGCTATAGAAACCT-1,_6_
TACGCTCCTAGAACTG-1,_1_
TACGCTCGGTATTGGA-1,_6_
TACGCTGCACGGTCGT-1,_2_
TACGCTGCTGTGTTAA-1,_1_
TACGGAAGCCAAACCA-1,_2_
TACGGCATGGACGCTA-1,_2_
TACGGGATGCTAGCAG-1,_0_
TACGGGTAATAACATA-1,_2_
TACGTAAAGCGGAGTG-1,_2_
TACGTACTAGTGCTGA-1,_1_
TACGTGCACTATGCTG-1,_0_
TACGTGGGCCCAGGGC-1,_2_
TACGTTTACCGGCAAT-1,_3_
TACTACGTGCAATGCG-1,_2_
TACTCCTCTAGTTGAC-1,_1_
TACTCGTTTGAATCAA-1,_2_
TACTCTCCGAACAAAT-1,_0_
TACTCTTACTTTACTG-1,_6_
TACTGCAATCAATTAC-1,_0_
TACTGGACAGCTCGGC-1,_3_
TACTGTTTCTCTGGTA-1,_0_
TACTTAAACATGTACA-1,_2_
TACTTTACTGAGCCGG-1,_4_
TACTTTCCGCACGCCA-1,_7_
TAGAAACCACTAAGTA-1,_6_
TAGAAAGGTGGCGCTA-1,_0_
TAGAATAGCCGATGAA-1,_2_
TAGAATTAAGGGCAAC-1,_6_
TAGACGAAACGCCAAT-1,_8_
TAGACGCCCGTACCGG-1,_4_
TAGACTACCTAGCGTT-1,_6_
TAGACTCAGTTGGCCT-1,_1_
TAGAGATCATGCAACT-1,_3_
TAGAGCTACGAAGAAC-1,_5_
TAGAGGGAGTTTATCT-1,_1_
TAGAGGTTCTACTTGT-1,_2_
TAGAGTCTAAGCGAAC-1,_9_
TAGAGTGTTCCGGGTA-1,_2_
TAGATCCGAAGTCGCA-1,_6_
TAGATGGTTCCTTACT-1,_2_
TAGATTCAAAGTGCGG-1,_1_
TAGATTCCTGGTTATT-1,_3_
TAGATTCTCTAGCAAA-1,_2_
TAGCAACCTGTCACAA-1,_5_
TAGCAGATACTTAGGG-1,_2_
TAGCAGTATGACTAAA-1,_2_
TAGCCATTTCAAAGTC-1,_1_
TAGCCGGCGGTCAGCG-1,_0_
TAGCGTCCCTCGATTG-1,_6_
TAGCGTCCGGTGTGGT-1,_8_
TAGCGTTGGGTCTTAC-1,_3_
TAGCTAAGTCCGGGAG-1,_9_
TAGCTAGTGATGATGG-1,_1_
TAGCTCAGATCCTAGT-1,_4_
TAGCTGATGTGAAGCG-1,_7_
TAGGAACAGCCTCCAG-1,_6_
TAGGAGGCTCGAGAAC-1,_2_
TAGGCATGTTACGCCA-1,_0_
TAGGCCTATATAGTCT-1,_2_
TAGGCGATGAGGTCTC-1,_0_
TAGGCGGCTGCAAAGA-1,_1_
TAGGCTAAAGTGGCAC-1,_2_
TAGGGAGCTTGGGATG-1,_7_
TAGGGTGTTTCAAGAG-1,_5_
TAGGTCCAAGTAAGGA-1,_0_
TAGGTCGCCGGAACTG-1,_7_
TAGGTGACGATAACCT-1,_8_
TAGGTGAGCCCTACTC-1,_0_
TAGGTGCTCGCCTAGC-1,_1_
TAGGTGTTCCACAGAT-1,_8_
TAGGTTCGAGTTCGTC-1,_9_
TAGGTTCTGCTGAGAA-1,_1_
TAGTACCACAACTTTC-1,_1_
TAGTACCTTAGTGGTC-1,_5_
TAGTAGCTTATACCAG-1,_1_
TAGTCCCGGAGACCAC-1,_1_
TAGTCCGCAGAGAATG-1,_3_
TAGTCCGTATGCATAA-1,_0_
TAGTCCTGCACTAAGC-1,_1_
TAGTCGATCACGGGTT-1,_0_
TAGTCTAACAACGAGA-1,_3_
TAGTCTGCGGCACATT-1,_1_
TAGTCTGTGACGTTGC-1,_4_
TAGTCTTTCCGAATTG-1,_0_
TAGTGCCCTCCAGAGT-1,_3_
TAGTGGAACTCATACA-1,_6_
TAGTGTCAGAAACGGC-1,_5_
TAGTTAAGATAGGATA-1,_0_
TAGTTTATTCTTGCTT-1,_5_
TATAAATCCACAAGCT-1,_5_
TATAAGTGAGGATAGC-1,_0_
TATACACGCAAAGTAT-1,_5_
TATACCGAGTGCCACA-1,_0_
TATACGCGTCATCACT-1,_8_
TATACTCATGCGGCAA-1,_5_
TATAGAGTCGCTTGAA-1,_1_
TATAGATGGTCGCAGT-1,_6_
TATAGGGTACTCATGA-1,_3_
TATAGTTAGGTGTACT-1,_1_
TATATAGGGCTTTACG-1,_1_
TATATATCGAGAAATG-1,_1_
TATATCAAAGTGATCT-1,_1_
TATATCCCTGGGAGGA-1,_7_
TATATTACAAATGTCG-1,_4_
TATATTCGCGTCGATA-1,_6_
TATCACAGCACGGGCA-1,_6_
TATCACCATGTAAAGT-1,_4_
TATCACCCAACCGACC-1,_4_
TATCACTTCGAGTAAC-1,_0_
TATCCAATTGGTTATC-1,_8_
TATCCATATCATGCGA-1,_8_
TATCCATCTCGGTTAG-1,_1_
TATCCGCACCGTCGGG-1,_0_
TATCCTATCAACTGGT-1,_1_
TATCCTGCATGGGAAT-1,_5_
TATCGATCTATGCATA-1,_0_
TATCGATGATTAAACG-1,_5_
TATCTACAGAGGTAAT-1,_3_
TATCTACCACAGCGGG-1,_3_
TATCTGAGCCGATATT-1,_1_
TATCTTGCAATACAAC-1,_1_
TATGAAGAATTAAGGT-1,_2_
TATGAAGACAGGTGCG-1,_0_
TATGATAAATCTAACG-1,_6_
TATGATCCGGCACGCC-1,_4_
TATGATCTTCTCTTTA-1,_2_
TATGATTCTGCTTGGT-1,_10_
TATGCTCCCTACTTAC-1,_9_
TATGGAGTTTCTCGTT-1,_5_
TATGGATGTGCTACGC-1,_9_
TATGGCCCGGCCTCGC-1,_3_
TATGGGACCGAGCAGG-1,_3_
TATGGGTACGTATCGT-1,_9_
TATGGTCTGAGTAACA-1,_0_
TATGGTTAGTGGGAGA-1,_6_
TATGTAAAGTGCTTAA-1,_1_
TATGTCAAGACCGACT-1,_4_
TATGTCTCATTGTGCC-1,_0_
TATTAACACCAAAGCA-1,_0_
TATTACCATCCTGCTT-1,_3_
TATTATGTTTGCCTGC-1,_1_
TATTCAATTCTAATCC-1,_9_
TATTCCGAGCTGTTAT-1,_2_
TATTCCGGCAGTCCTA-1,_6_
TATTCCTCCGCCCACT-1,_7_
TATTCGTGCCAGAATA-1,_9_
TATTGACATTTCTGCC-1,_6_
TATTGCCGGGCTTGTA-1,_2_
TATTTAGTCTAGATCG-1,_5_
TATTTATACCGAGTAG-1,_10_
TATTTGATTTGCACAG-1,_0_
TATTTGTTACCCTTTA-1,_0_
TCAAACAACCGCGTCG-1,_10_
TCAAACTTAGATTGTT-1,_9_
TCAAAGTCACGGCGTC-1,_1_
TCAAATTGTTGTGCCG-1,_2_
TCAAATTTGAGACTCA-1,_8_
TCAACAAAGATAATTC-1,_1_
TCAACACATTGGGTAA-1,_5_
TCAACATAGCGCCCTA-1,_0_
TCAACATCGACCGAGA-1,_7_
TCAACCATGTTCGGGC-1,_9_
TCAACGAGGAGACAAA-1,_3_
TCAACGCAGGAAATAA-1,_7_
TCAACGCGACCGGCAG-1,_3_
TCAACTAACGTATAAC-1,_7_
TCAACTGCAGAGTCAG-1,_6_
TCAAGAAATACTAGCT-1,_6_
TCAAGCGCGGACGGTA-1,_6_
TCAAGGTTACTACACC-1,_0_
TCAATACGCCGTCATG-1,_8_
TCAATATACAGGAGGC-1,_2_
TCAATCCGGGAAGTTT-1,_2_
TCACAAACCGAGGTAC-1,_2_
TCACAGATCCTCAAAC-1,_0_
TCACAGGTTATTGGGC-1,_3_
TCACATCTTATCTGAT-1,_7_
TCACCCTCTTAAGATT-1,_3_
TCACCGCTCGGCACTC-1,_4_
TCACGATGTCCGTGGA-1,_0_
TCACGCATTGTAGATC-1,_3_
TCACGGCCCAAGAGAG-1,_1_
TCACGGTCATCGCACA-1,_0_
TCACGTGCCCGATTCA-1,_3_
TCACTACGACCAATGC-1,_0_
TCACTATCCCTTCGGT-1,_2_
TCACTCGTGCAACGGC-1,_4_
TCAGAACCTCCACAGG-1,_0_
TCAGAACGGCGGTAAT-1,_2_
TCAGAGGACGCGTTAG-1,_2_
TCAGCAAATGCATCTC-1,_9_
TCAGCAGTAGGCCCTG-1,_1_
TCAGCCAATCCGTAAA-1,_2_
TCAGCGCACGCCGTTT-1,_1_
TCAGGGCGCAAACTCG-1,_0_
TCAGGGTGCACGAAAC-1,_0_
TCAGGGTGTAACGTAA-1,_9_
TCAGGTTCTTTGAGAA-1,_0_
TCAGTACTGACCCGCG-1,_0_
TCAGTAGGGACTATAA-1,_3_
TCAGTGTATACGTCAT-1,_1_
TCAGTTACGGAATGAT-1,_6_
TCATACTTACAGATCC-1,_0_
TCATATGAGCTTTGTT-1,_8_
TCATCACTCGAGCTCG-1,_5_
TCATCCCAGAGGGTGG-1,_10_
TCATCCTCAGCTGCTT-1,_2_
TCATCGATGGTCCCAA-1,_1_
TCATGCAGGTTCTCAT-1,_0_
TCATTCGTATAATTTG-1,_4_
TCATTTAAGTCTCCGA-1,_6_
TCATTTAGAAGTGTGA-1,_0_
TCCAACTCAGCTATCT-1,_2_
TCCAACTTTAAATTCT-1,_3_
TCCAAGCCTAGACACA-1,_2_
TCCAATAAAGGCTACC-1,_1_
TCCACAATGGTTTACG-1,_0_
TCCACATCGTATATTG-1,_2_
TCCACCAAGACATAGG-1,_2_
TCCACCTCTAGCCTTT-1,_0_
TCCACTTTATCTAGGT-1,_9_
TCCAGAGCACCGGTTC-1,_3_
TCCAGATGTACGCCAA-1,_4_
TCCAGCGCTATAAGCG-1,_0_
TCCAGGCAGGACGATC-1,_1_
TCCAGGCGAGTACGGT-1,_9_
TCCAGGGTATATACGA-1,_8_
TCCATCAATACTAATC-1,_1_
TCCATTAGTTGGATAG-1,_5_
TCCATTGTGACCTCGT-1,_6_
TCCCAAACAGACAACG-1,_0_
TCCCAAAGACGAAGGA-1,_9_
TCCCAAAGCCCTAAAT-1,_6_
TCCCACTCTCTTCCGG-1,_6_
TCCCAGCTTTAGTCTG-1,_3_
TCCCAGGCTTAGCTAA-1,_0_
TCCCGCCTATGTGCGT-1,_6_
TCCCGCGTACTCCTGG-1,_9_
TCCCGGGTGTGCTGCT-1,_3_
TCCCGGTCAGGAATTT-1,_10_
TCCCGTCAGTCCCGCA-1,_10_
TCCCGTCGCGTCATAG-1,_0_
TCCCTAGATCAATAGG-1,_0_
TCCCTCTTCTCAAGGG-1,_2_
TCCCTGGCGTATTAAC-1,_1_
TCCCTGGCTCGCTGGA-1,_3_
TCCCTTAGATTACTCG-1,_0_
TCCCTTGTCTGAAACT-1,_2_
TCCGAACTTGGCTTAC-1,_7_
TCCGAAGTAGTCACCA-1,_4_
TCCGAATGGTCCTGAG-1,_6_
TCCGACCGCTAATCAA-1,_1_
TCCGAGAAGGCTAAGC-1,_10_
TCCGATAATTGCCATA-1,_5_
TCCGATGACTGAGCTC-1,_10_
TCCGATGGTGCGACAT-1,_0_
TCCGATTACATTGCCG-1,_3_
TCCGCCTGTCTACAAG-1,_8_
TCCGCGGCAGCATCTG-1,_0_
TCCGCGGCCCAATGAA-1,_2_
TCCGCTGTCATCCCGG-1,_0_
TCCGGAGGAAGGGCTG-1,_0_
TCCGGCCTAGCGTACA-1,_4_
TCCGGCCTGCATCGAT-1,_6_
TCCGGGCTTGACGGGA-1,_2_
TCCGTAACCACAATCC-1,_5_
TCCGTTAAGCTAATAT-1,_2_
TCCGTTTAGCCTTGAA-1,_4_
TCCTAAAGATTCAGAC-1,_2_
TCCTAAATTGGGAAGC-1,_8_
TCCTAACCGTCGGGCA-1,_1_
TCCTAGCAAAGAAGCT-1,_3_
TCCTATCATAGGTAAC-1,_0_
TCCTCCTAAGACATTC-1,_0_
TCCTCGGGCTGGGCTT-1,_0_
TCCTCTACGAGATGGC-1,_0_
TCCTCTCCAGTTGTCC-1,_0_
TCCTCTGGCCCATTAG-1,_0_
TCCTGCCAACTGGAGA-1,_0_
TCCTGCGTTGATACTC-1,_3_
TCCTGGCGCTGCCTGG-1,_4_
TCCTTACGACGGTCCG-1,_0_
TCCTTCAGTGGTCGAA-1,_10_
TCCTTGTCCTTTAATT-1,_2_
TCCTTTAAATCCGCTT-1,_2_
TCCTTTCTTACGCTTA-1,_9_
TCGAAATTTAGGACCA-1,_9_
TCGAAGAACCGAGCAC-1,_6_
TCGAATATCCCGCAGG-1,_1_
TCGACAACTGAACCCG-1,_1_
TCGACTGACGATGGCT-1,_2_
TCGAGACCAACACCGT-1,_3_
TCGAGCCAGGCAGGCC-1,_1_
TCGAGGGCAACAGACG-1,_0_
TCGATAGGCTAGTCGC-1,_5_
TCGCACCAGGAGGCAG-1,_0_
TCGCATAAAGGGCGCA-1,_2_
TCGCATCCCTAAGTGT-1,_5_
TCGCATTCAATGACTT-1,_5_
TCGCCCAACTGACTCC-1,_4_
TCGCCGAAGTTGCGTC-1,_3_
TCGCCGACATATTCGC-1,_2_
TCGCCGGTCGATCCGT-1,_5_
TCGCCTCCTTCGGCTC-1,_2_
TCGCGCGTTTACATGA-1,_1_
TCGCGTAGCAGTGTCC-1,_4_
TCGCGTCCAGAAGGTC-1,_3_
TCGCTAAACCGCTATC-1,_0_
TCGCTACTGGCTTTGA-1,_2_
TCGCTCGATATATTCC-1,_9_
TCGCTCGGCACCAGCG-1,_4_
TCGCTGCCAATGCTGT-1,_2_
TCGCTGGGCGGATTGT-1,_9_
TCGCTGTGCGTAAATC-1,_5_
TCGCTTAATTACGAAG-1,_4_
TCGCTTTAAACGTTTG-1,_0_
TCGGAATGACCATCAA-1,_6_
TCGGAATGCGCTCTGA-1,_3_
TCGGACGCCCAGCCCA-1,_3_
TCGGAGAGTATCGGGA-1,_3_
TCGGAGTACATGAGTA-1,_0_
TCGGCGAACCCAAACC-1,_0_
TCGGCGTACTGCACAA-1,_0_
TCGGCTAACTTCCCTT-1,_6_
TCGGCTTGTATCGACG-1,_2_
TCGGGAACGTGCCTAG-1,_6_
TCGGGAGACAGCGTAC-1,_8_
TCGGGATTCAAACATA-1,_7_
TCGGGCCGTCGTGGTA-1,_1_
TCGGGTGAAACTGCTA-1,_10_
TCGGTCCCGACAATAG-1,_1_
TCGGTCCCTGACTCCA-1,_0_
TCGGTGACCGCTCCGG-1,_0_
TCGGTTAGCCATGTAG-1,_4_
TCGTAAGACGACATTG-1,_9_
TCGTAAGCTCCGAGGA-1,_0_
TCGTACCGACGTCAAG-1,_1_
TCGTATAGTGCAATTA-1,_5_
TCGTATTACCCATTGC-1,_3_
TCGTATTTCGTCCGGA-1,_6_
TCGTCAAGTACGCGCA-1,_1_
TCGTCACACTGTTAGC-1,_7_
TCGTCCGCTGGCGTCT-1,_0_
TCGTCCGGGTACACTC-1,_4_
TCGTCTTAGGCGTTAA-1,_2_
TCGTGTATTGGTCACG-1,_4_
TCGTGTCACGCTGACA-1,_3_
TCGTGTTCGACCACAA-1,_2_
TCGTTCGTTATTATGT-1,_10_
TCGTTGGCTCGTCAAT-1,_5_
TCGTTTACGCGACCCT-1,_2_
TCTAAAGAACAGTCTC-1,_0_
TCTAACCTAGCCTGCG-1,_2_
TCTAATACTGCCTCAG-1,_1_
TCTACACGTTCATGCA-1,_4_
TCTACCCAATAGAGAG-1,_6_
TCTACCCGCATCATTT-1,_2_
TCTACCGTCCACAAGC-1,_9_
TCTACGGGCTCAGTTG-1,_4_
TCTAGCAATCTCCGCC-1,_3_
TCTAGCATCTTCGATG-1,_0_
TCTAGCATGCCCAGAA-1,_7_
TCTAGGTGGCGACGCT-1,_4_
TCTAGTGATATCGTGG-1,_6_
TCTAGTTATCAGAAGA-1,_3_
TCTATAGGTGGGTAAT-1,_2_
TCTATCATGCAGTTAC-1,_5_
TCTATCCGATTGCACA-1,_2_
TCTATCGGTCGCAACA-1,_10_
TCTATGCTATAACGAC-1,_2_
TCTATTACGCTGGCGA-1,_5_
TCTATTACTAGAGGAT-1,_7_
TCTCAAATCAATCGGG-1,_2_
TCTCAGGCTACTCGCT-1,_2_
TCTCATGAGATAGGGT-1,_0_
TCTCCAACGTAGGTTA-1,_0_
TCTCCACAAGTTGAAT-1,_2_
TCTCCCTGGGCAGCGT-1,_8_
TCTCGAACGAGGTCAC-1,_0_
TCTCGACGTATCGCCG-1,_8_
TCTCGAGGAGGTTCGC-1,_0_
TCTCGGCTCCAGGACT-1,_5_
TCTCTAATAGCTGGTA-1,_5_
TCTCTCGCCGCACATA-1,_0_
TCTCTTACCGCGAACC-1,_1_
TCTGAACCGGTCGGCT-1,_0_
TCTGAACTCGTACCCG-1,_0_
TCTGAAGCACGTGGTC-1,_2_
TCTGAATTCCGTACAA-1,_7_
TCTGACGGGCTAACCC-1,_0_
TCTGACTGTAATGGTT-1,_5_
TCTGAGCAATTGACTG-1,_0_
TCTGATCGGGTGCTAG-1,_6_
TCTGATGTATTCTGTC-1,_2_
TCTGCATACCTTGCTT-1,_2_
TCTGCCAGAAACTGCA-1,_1_
TCTGCGAATCGTTCGC-1,_4_
TCTGCGTCCGGTTTCT-1,_5_
TCTGGGAACCTTTGAA-1,_6_
TCTGGGTAGCGCTCAT-1,_3_
TCTGTCATACAAGAGC-1,_5_
TCTGTGATGGAGGTTG-1,_4_
TCTGTGCCATCATAGT-1,_0_
TCTGTTACCCAGCATA-1,_0_
TCTTACAGAGGTACCG-1,_5_
TCTTACCGGAACTCGT-1,_4_
TCTTACGGCATCCGAC-1,_0_
TCTTACTTATGCCTCT-1,_0_
TCTTAGAGCTCCAATT-1,_6_
TCTTAGAGTGAACTCT-1,_6_
TCTTATGGGTAGTACC-1,_6_
TCTTCCCATGGGCACA-1,_4_
TCTTCGAATAGACGTT-1,_3_
TCTTCGATACCAATAA-1,_9_
TCTTCGCGGTGAGAGG-1,_6_
TCTTCTATAACCCGCC-1,_6_
TCTTGATGCGTAGCGA-1,_9_
TCTTGCTCCCGATACT-1,_8_
TCTTGGTAACACCAAA-1,_10_
TCTTTAAGACTATGAA-1,_7_
TCTTTAGAGTCTAACA-1,_0_
TCTTTAGCAGGCGAAC-1,_6_
TCTTTCTCTTAAGGAG-1,_6_
TGAAACTTATGCAAGC-1,_6_
TGAAAGGACCTGACTC-1,_0_
TGAACAAGCAGGGACT-1,_1_
TGAATACCGACGCGTA-1,_2_
TGAATATGCTATAAAC-1,_0_
TGAATGAGTGTTTCCC-1,_1_
TGAATGTCAGCCGGCC-1,_8_
TGACACTTCTCTTTGC-1,_0_
TGACATCGAGCGGACC-1,_6_
TGACATGTAACGTGAC-1,_0_
TGACCAAATCTTAAAC-1,_8_
TGACCAGCTTCAAAGT-1,_4_
TGACCCACGTTAGACA-1,_3_
TGACGAATATTTCCCT-1,_3_
TGACGATGCACTAGAA-1,_7_
TGACTATAATCCTTTC-1,_7_
TGACTCCGAATCATAC-1,_1_
TGAGAATGCTTTACCG-1,_5_
TGAGAGATTTACCACG-1,_1_
TGAGATCAAATACTCA-1,_6_
TGAGATTAGGCCCTAA-1,_4_
TGAGCCATACAGTCTC-1,_3_
TGAGCGGAAAGTGTTC-1,_8_
TGAGCTTTAATGACGC-1,_0_
TGAGGAGTGCCAGCTT-1,_8_
TGAGGTGTGTGGCGGA-1,_1_
TGAGTAAATTAGCGTA-1,_3_
TGAGTGCCTCTTAAAT-1,_3_
TGAGTGGTCCGTGACG-1,_0_
TGAGTGTAACAACGGG-1,_2_
TGAGTTAAAGACATTC-1,_0_
TGATAGCGGGATTCTA-1,_7_
TGATCACCACACTGAC-1,_1_
TGATCAGGGAACTGCT-1,_3_
TGATCCCAGCATTAGT-1,_4_
TGATCGGTTTGACCCT-1,_9_
TGATCTACGCTGATCT-1,_0_
TGATCTATCACACTCT-1,_2_
TGATCTCCGGCGCCAG-1,_9_
TGATGGCTGTTTCTGA-1,_0_
TGATGTCAATTAAGTG-1,_2_
TGATTATGGCACGCAG-1,_4_
TGATTCCCGGTTACCT-1,_1_
TGATTCGTCTATCACT-1,_3_
TGATTCTGTCGCCGGT-1,_3_
TGATTTATTAGCTGTG-1,_3_
TGATTTCCTCCTGACG-1,_5_
TGCAAAGTTCGTCTGT-1,_1_
TGCAACCCATCTGCGG-1,_2_
TGCAACTACTGGTTGA-1,_2_
TGCAAGAATGACGTAA-1,_9_
TGCAATCTAACACGGT-1,_2_
TGCAATTTGGGCACGG-1,_0_
TGCACAGTGAAGTTAT-1,_0_
TGCACGAGTCGGCAGC-1,_6_
TGCAGAACTATATCGT-1,_7_
TGCAGAGTACCGAGCA-1,_3_
TGCAGATCGTCCTAGG-1,_7_
TGCAGCTACGTACTTC-1,_7_
TGCAGGATCGGCAAAG-1,_10_
TGCAGTGAGGCTCGGG-1,_4_
TGCAGTGGTAGGGAAC-1,_1_
TGCAGTTTCCTCCCAT-1,_1_
TGCATATGTCTGTCAC-1,_0_
TGCATGGATCGGATCT-1,_10_
TGCATGTGACCCATAG-1,_1_
TGCATGTGGTAATCTA-1,_0_
TGCCAAAGTCAGACTT-1,_7_
TGCCACCTGGCGAAAC-1,_0_
TGCCAGTACGTGGAGA-1,_0_
TGCCATTACTAAAGAA-1,_0_
TGCCCGATAGTTAGAA-1,_2_
TGCCGAAAGCGTATTC-1,_6_
TGCCGGATGTACGAGC-1,_1_
TGCCGTGGATCGTCCT-1,_8_
TGCCGTGGGACCCAAT-1,_1_
TGCCTAATTGAAGATT-1,_6_
TGCCTGACATCGGTCA-1,_0_
TGCCTGATCAAACGAT-1,_10_
TGCCTTGGCCAGGCAA-1,_2_
TGCGAATATGGGATTT-1,_7_
TGCGACACCCTAGTGC-1,_3_
TGCGACGGCCGAACGT-1,_1_
TGCGAGAATATTACCC-1,_7_
TGCGAGATGGCGGCCA-1,_4_
TGCGAGCCCTTCCGCG-1,_4_
TGCGCAAAGCATTTGG-1,_9_
TGCGCGATTAACGGAG-1,_9_
TGCGGACTTGACTCCG-1,_2_
TGCGGAGTAAAGGTGC-1,_10_
TGCGGCATAGTTCAAC-1,_5_
TGCGGGTATTGGGATC-1,_6_
TGCGGTGAAATTTCAT-1,_10_
TGCGTAAGAACCTGAT-1,_3_
TGCGTACGGCTAATTG-1,_2_
TGCGTCATGACTGAGC-1,_7_
TGCGTGATTGGGTGTC-1,_5_
TGCGTTTGTTGACACT-1,_7_
TGCTAAGTGTCTATTT-1,_2_
TGCTATACAAACGGAC-1,_10_
TGCTATGGCAAAGGGA-1,_1_
TGCTCCACAGTTCTTA-1,_0_
TGCTCGGCGAAACCCA-1,_8_
TGCTCGGTGGGTCACC-1,_2_
TGCTCTTGAGAGTTTG-1,_8_
TGCTGGTTGGACAATT-1,_5_
TGCTGTTGAAGAACTC-1,_3_
TGCTTAGAGAGAATGC-1,_1_
TGCTTCCCAAGCAGTA-1,_8_
TGCTTGAAACCATGCA-1,_5_
TGGAAACGGAGTGAAC-1,_5_
TGGAACCACTGACACA-1,_4_
TGGAAGAAGGGAACGT-1,_3_
TGGAAGACGAACACCA-1,_5_
TGGAAGGATAAAGATG-1,_10_
TGGAATATCCTTGACC-1,_4_
TGGAATTAGACGCTTT-1,_7_
TGGACCAATCTAAGAT-1,_8_
TGGACCACGGCGTTGA-1,_5_
TGGACGCAATCCAGCC-1,_1_
TGGACTGTTCGCTCAA-1,_3_
TGGAGAATAATCGTCC-1,_1_
TGGAGCTAAAGTTCCC-1,_6_
TGGAGGGAAACACCTC-1,_0_
TGGAGTGATGCGATGA-1,_3_
TGGATAGAGTAACAGA-1,_0_
TGGCAAACTAAATTAC-1,_0_
TGGCAACTCGCGCGCC-1,_0_
TGGCAAGCACAAGTCG-1,_1_
TGGCAATGGGACGGCG-1,_0_
TGGCACGAGCTCGAGT-1,_4_
TGGCAGATTACGATCA-1,_3_
TGGCAGCAGTAATAGT-1,_3_
TGGCATGAAGTTTGGG-1,_0_
TGGCCAAACTGAAGTA-1,_9_
TGGCCAATTTGGTACT-1,_0_
TGGCCGTATATTGACC-1,_9_
TGGCGGTGTGCGATTG-1,_5_
TGGCTACACTCTACCT-1,_2_
TGGCTATGTGACATAC-1,_8_
TGGCTCTTGTCGCGTA-1,_7_
TGGCTTGTACAAGCTT-1,_4_
TGGCTTTGGGTAGACA-1,_8_
TGGGAAATGCCTTTCC-1,_5_
TGGGATGCACTCATTC-1,_0_
TGGGCAATAGTTGGGT-1,_8_
TGGGCACAAACAGAAC-1,_5_
TGGGCACGTTCTATGG-1,_10_
TGGGCAGGCCACCGCA-1,_0_
TGGGCCACAAGAGCGC-1,_0_
TGGGCCCATACTAATT-1,_0_
TGGGCGATACAATAAG-1,_0_
TGGGTAAGGTTCCCGC-1,_0_
TGGGTGCACAAGCCAT-1,_2_
TGGGTGGGATGTCATT-1,_4_
TGGGTGTAATAGATTT-1,_2_
TGGGTGTTAAGTAGAA-1,_2_
TGGGTTTCGGGCGTAC-1,_1_
TGGTAAGCAGGATTGA-1,_7_
TGGTAGAATATATGGG-1,_0_
TGGTATCGCATCCCAA-1,_6_
TGGTATCGGTCTGTAT-1,_6_
TGGTCCCACGCTACGG-1,_0_
TGGTCTGTTGGGCGTA-1,_3_
TGGTGATCGTATTTGT-1,_7_
TGGTGCCCTGCCTTAC-1,_1_
TGGTTAAGGGCGCTGG-1,_4_
TGGTTCAACGGGTAAT-1,_7_
TGGTTCGTAGCAAAGG-1,_5_
TGGTTGGAGGATCCTG-1,_4_
TGGTTTAAACGTGGGT-1,_4_
TGTACCTACACGAGGG-1,_2_
TGTACGAACAAATCCG-1,_3_
TGTACTACTCTCACGG-1,_4_
TGTACTTCCGGGCATG-1,_2_
TGTAGCCAATTCCGTT-1,_2_
TGTAGCCATCCCATTC-1,_2_
TGTAGGAGAAATTTCC-1,_7_
TGTAGTGATCTATAAT-1,_3_
TGTATAACAGATCCTG-1,_9_
TGTATCAGACTGAAGC-1,_4_
TGTATCCTTATTCCAT-1,_10_
TGTATGGCGCAGACAG-1,_0_
TGTATTTACCTAATGC-1,_4_
TGTCATTTGTTGGGAA-1,_4_
TGTCCACGGCTCAACT-1,_2_
TGTCCCGACATAGCAC-1,_5_
TGTCCGCAAACAATTC-1,_1_
TGTCCGTGGCGCCTTT-1,_7_
TGTCCTAAGTCACCGC-1,_3_
TGTCGGCATGGTGGAA-1,_5_
TGTCGTGGGTATAGGC-1,_1_
TGTCGTTATCACATAT-1,_1_
TGTCTACAGTTTCTGT-1,_5_
TGTGACTACGCCAGTC-1,_10_
TGTGACTAGAGTTTGC-1,_2_
TGTGAGACTAGCCCAA-1,_8_
TGTGCCGGTGCCGGAA-1,_2_
TGTGCTTTACGTAAGA-1,_3_
TGTGGAGGAAGCTTAA-1,_6_
TGTGGCAAAGCGTATG-1,_4_
TGTGGCGGGCTTCTGG-1,_8_
TGTGGCTCCCACCAAC-1,_0_
TGTGGTTGCTAAAGCT-1,_1_
TGTGTAGTAGCACGTG-1,_6_
TGTGTCGCGAGTTGCA-1,_0_
TGTGTTCGTATCCAAG-1,_3_
TGTTATTGTATGTGGC-1,_1_
TGTTCCGCTTCCATGA-1,_3_
TGTTCCGGCCTGAGCT-1,_2_
TGTTCTCTACTCCCTA-1,_4_
TGTTCTTCCATTGACT-1,_3_
TGTTGTCAAGAAGTCT-1,_0_
TGTTTAATACTTCATC-1,_6_
TGTTTCGGTACTTCTC-1,_5_
TGTTTGAGATCGTCAG-1,_0_
TTAAACAGAGTCCCGC-1,_5_
TTAAACCGGTAGCGAC-1,_5_
TTAAACCTGGTTCCTT-1,_7_
TTAAACTCGAATTCAT-1,_4_
TTAAAGGCGATGCTCG-1,_1_
TTAAAGTAAGTCGCCA-1,_2_
TTAACACCTCGAACAT-1,_7_
TTAACCAACCCTCCCT-1,_5_
TTAACGAACAAGCAGT-1,_4_
TTAACGTCGCAAGACC-1,_5_
TTAACTCACGCGTGGA-1,_7_
TTAACTTCAGGTAGGA-1,_0_
TTAAGACGAACGAACC-1,_4_
TTAAGATAGGATTGAC-1,_6_
TTAAGCCGACAACTTC-1,_0_
TTAAGCGCCTGACCCA-1,_3_
TTAAGGATACGGAGGT-1,_10_
TTAAGGCCCGTACTTT-1,_1_
TTAAGTATTGTTATCC-1,_2_
TTAATCAGTACGTCAG-1,_0_
TTAATGCGAGGTAACT-1,_6_
TTAATGTAGACCAGGT-1,_9_
TTAATTGCTTTGGGTG-1,_8_
TTAATTTCAGACGCGG-1,_10_
TTACAACTACGCATCC-1,_10_
TTACACGATCTGCGAC-1,_2_
TTACAGACCTAAATGA-1,_4_
TTACATCGTGGCCTGG-1,_5_
TTACATGCCACAACTA-1,_6_
TTACCATTGATTACCC-1,_3_
TTACCCATTGCCGGGT-1,_0_
TTACCCTAACAGTCCT-1,_0_
TTACCCTAGGGATTGG-1,_8_
TTACCGCCTTAGGGAA-1,_5_
TTACGGATGGTTCGAG-1,_4_
TTACGTATCTATGACA-1,_8_
TTACTAAAGGACTTTA-1,_7_
TTACTCCGGCCGGGAA-1,_9_
TTACTCTGGTACGTAC-1,_3_
TTACTGGGATATTTCA-1,_3_
TTACTGTCTAGAGCTC-1,_0_
TTACTGTTTCTCTACG-1,_6_
TTAGAAGAACATGACT-1,_7_
TTAGAATAAGGGTCGG-1,_1_
TTAGACACGATCGTTG-1,_0_
TTAGACGAGTCACCTC-1,_7_
TTAGAGTTTAGAAGGA-1,_1_
TTAGATAGGTCGATAC-1,_5_
TTAGCAACATGGATGT-1,_5_
TTAGCTAATACGATCT-1,_4_
TTAGCTGATTTGCCGT-1,_0_
TTAGGTCATAACCGAC-1,_1_
TTAGTAAACCTGCTCT-1,_2_
TTAGTAGGGCGGCGGG-1,_3_
TTAGTTATTCGTGGCA-1,_0_
TTAGTTCAAGTGTTCG-1,_4_
TTATAGATGCACATTA-1,_10_
TTATAGGTAATTGTCT-1,_8_
TTATAGTCCAAGGTGC-1,_4_
TTATATACGCTGTCAC-1,_3_
TTATATTTGGCAATCC-1,_9_
TTATCCAATCGAACTC-1,_5_
TTATCCGGGATCTATA-1,_0_
TTATCCTCAAGGAATA-1,_0_
TTATCGCCTGCGAAGC-1,_7_
TTATCTGTATCATAAC-1,_5_
TTATGAATGAAAGGGA-1,_3_
TTATGACAAACTGGAT-1,_0_
TTATGATCTTAACGAA-1,_7_
TTATGCGTCCCGGTCC-1,_5_
TTATGTTTGCGATAGA-1,_7_
TTATTAGGGAAGCATC-1,_5_
TTCAAAGTCTCTAGCC-1,_3_
TTCAACGACCCGACCG-1,_5_
TTCAAGCCGAGCTGAG-1,_8_
TTCAATTAGCCATAAT-1,_6_
TTCACGAAAGGATCAC-1,_3_
TTCACTCGAGCACCTA-1,_8_
TTCACTTCCTAGAACG-1,_1_
TTCAGAGTAACCTGAC-1,_5_
TTCAGCCCTGGTCCAC-1,_0_
TTCAGCTGGCGTGCCC-1,_2_
TTCAGGCGTCAAAGCC-1,_0_
TTCAGTTCAAGAGGAG-1,_1_
TTCATAGCCTTGTAAC-1,_5_
TTCATGGCGCAACAGG-1,_0_
TTCCAATCAGAGCTAG-1,_4_
TTCCAATCTGGCTATC-1,_0_
TTCCAGACGAGATTTA-1,_6_
TTCCATCATGCGGTGA-1,_0_
TTCCATCGACAGCGTG-1,_2_
TTCCCGGCGCCAATAG-1,_0_
TTCCGCAGAGAAATAT-1,_0_
TTCCGCGTGAGGCGAT-1,_7_
TTCCGGCTCGACTTCT-1,_4_
TTCCGGTATCTGTGTC-1,_6_
TTCCGGTTACCCACTT-1,_1_
TTCCTCGAGGGTGTCT-1,_5_
TTCCTCGGACTAACCA-1,_0_
TTCCTTTCTGTGTTGC-1,_5_
TTCGACAGAGCCCGTG-1,_0_
TTCGACGGGAAGGGCG-1,_0_
TTCGAGCCGGCGCTAC-1,_4_
TTCGCACTCGCGTGCT-1,_9_
TTCGCACTGTACGACA-1,_8_
TTCGCATCCGGAAGCA-1,_5_
TTCGCGCGCCATACGA-1,_1_
TTCGCTAGGAAGTTGT-1,_0_
TTCGCTATCTGACGTG-1,_0_
TTCGGACTGATGCCTT-1,_4_
TTCGGCAACCCGCTGA-1,_4_
TTCGGCTAGAGATGGT-1,_5_
TTCGGGACTAATCGCG-1,_3_
TTCGGGTTGCCACGGG-1,_6_
TTCGGTACTGTAGAGG-1,_0_
TTCGTAATCCCAGCGG-1,_7_
TTCGTACTCCAGAACG-1,_3_
TTCGTTCAACGAAGTT-1,_0_
TTCTAACCGAAGCTTA-1,_4_
TTCTACCTCAATCGGT-1,_1_
TTCTACCTTTATGTTG-1,_6_
TTCTACTTGCGAGGGC-1,_5_
TTCTAGAAAGTCTTAT-1,_1_
TTCTAGGCCAATTGTG-1,_5_
TTCTATGCCTTTCGCA-1,_0_
TTCTATTAAACGCAGC-1,_1_
TTCTCAATTGCTACAA-1,_1_
TTCTGACCGGGCTCAA-1,_2_
TTCTGCCGCGCCTAGA-1,_7_
TTCTGCGGGTTAGCGG-1,_7_
TTCTGCTAGACTCCAA-1,_4_
TTCTTAGTGAACGGTG-1,_5_
TTCTTAGTGGCTCAGA-1,_5_
TTCTTATCCGCTGGGT-1,_0_
TTCTTCCCTTTGATAT-1,_6_
TTCTTGAGCCGCGCTA-1,_3_
TTCTTGCTAGCATCTC-1,_6_
TTCTTGGACGATCTGC-1,_7_
TTCTTGGAGTAATGAG-1,_0_
TTCTTGTAACCTAATG-1,_0_
TTCTTTGGTCGCGACG-1,_4_
TTGAAAGGTGTAAAGG-1,_0_
TTGAACGAATCCTTTG-1,_5_
TTGAACGACGTGCTGA-1,_2_
TTGAAGAATTCCCAGG-1,_3_
TTGAAGGATGGGCGCC-1,_1_
TTGAATATGGACTTTC-1,_9_
TTGAATCGTTGTATAA-1,_0_
TTGAATTCACGTGAGG-1,_6_
TTGACAGGAGCTCCCG-1,_10_
TTGACATGAACGTGGA-1,_3_
TTGACCAGGAACAACT-1,_2_
TTGACCATGTTCTCCG-1,_10_
TTGACCGTGTTAATGA-1,_7_
TTGACGATTCAGCACG-1,_10_
TTGACGCTCCATGAGC-1,_6_
TTGACTACCATATGGT-1,_3_
TTGACTATTGTCCGGC-1,_0_
TTGAGAAGTTTAGCAT-1,_2_
TTGAGAGTACTGCTAA-1,_3_
TTGAGCAGCCCACGGT-1,_0_
TTGAGCGCCACGTGAT-1,_6_
TTGAGGCATTTAACTC-1,_0_
TTGAGTCCCGCTGCTG-1,_0_
TTGATAGTCAATACAT-1,_0_
TTGATCTAACTTTGTC-1,_9_
TTGATGCCGCTCGTCG-1,_1_
TTGATGTGTAGTCCCG-1,_4_
TTGATTAGCTGTTTCT-1,_3_
TTGATTATGCAGATGA-1,_0_
TTGCAAGAAGACTCCT-1,_2_
TTGCACAATTCAGAAA-1,_3_
TTGCACGGAGCAGCAC-1,_5_
TTGCATGCTGATCACG-1,_3_
TTGCCAAGCAGAACCC-1,_0_
TTGCCATAGCCCGCTC-1,_1_
TTGCCCTGATCACGGG-1,_3_
TTGCCGCAGACCTACA-1,_1_
TTGCCGCTTTCTAGTA-1,_8_
TTGCCGGTGATCCCTC-1,_4_
TTGCCTAATCCAAAGT-1,_1_
TTGCCTTCTCGCCGGG-1,_2_
TTGCGCACAACCACGT-1,_0_
TTGCGCTTGATCAATA-1,_2_
TTGCGGCGACTCATGC-1,_6_
TTGCGTAGTTTGAGGA-1,_7_
TTGCGTGAACGCTTAG-1,_4_
TTGCGTGTGTAGGCAT-1,_2_
TTGCTCATAGTACGTG-1,_2_
TTGCTCCCATACCGGA-1,_10_
TTGCTGAAGGAACCAC-1,_5_
TTGCTGATCATGTTCG-1,_3_
TTGCTGCACCTATCCA-1,_7_
TTGCTGGCCGGGCTTC-1,_6_
TTGGAAGAATACAGTC-1,_7_
TTGGACATGTGGCTTA-1,_3_
TTGGACCATCTGGCAA-1,_0_
TTGGACCTATAACAGT-1,_2_
TTGGAGTCTCCCTTCT-1,_5_
TTGGATATCGTCTACG-1,_3_
TTGGATCGACTTCTGG-1,_10_
TTGGATTGGGTACCAC-1,_5_
TTGGCCAAATTGTATC-1,_2_
TTGGCCATCTTGCGCT-1,_5_
TTGGCCTAGAATTTCG-1,_0_
TTGGCGATCCGAATAT-1,_6_
TTGGCTCAATATGTGT-1,_2_
TTGGCTCGCATGAGAC-1,_0_
TTGGGAAGACGAGCCG-1,_0_
TTGGGACACTGCCCGC-1,_9_
TTGGGACGTAAGAGTT-1,_0_
TTGGGCGGCGGTTGCC-1,_9_
TTGGTATGGCTTGTGT-1,_6_
TTGGTCACACTCGTAA-1,_0_
TTGGTTGCGGTGCGCG-1,_7_
TTGTAAGGACCTAAGT-1,_3_
TTGTAAGGCCAGTTGG-1,_0_
TTGTAATCCGTACTCG-1,_3_
TTGTATCACACAGAAT-1,_6_
TTGTCGTTCAGTTACC-1,_5_
TTGTGAACCTAATCCG-1,_2_
TTGTGAGGCATGACGC-1,_7_
TTGTGATCTGTTCAGT-1,_2_
TTGTGCAGCCACGTCA-1,_8_
TTGTGGCCCTGACAGT-1,_5_
TTGTGGTAGGAGGGAT-1,_7_
TTGTGGTGGTACTAAG-1,_2_
TTGTGTATGCCACCAA-1,_8_
TTGTTAGCAAATTCGA-1,_5_
TTGTTCAGTGTGCTAC-1,_10_
TTGTTGTGTGTCAAGA-1,_9_
TTGTTTCACATCCAGG-1,_1_
TTGTTTCATTAGTCTA-1,_1_
TTGTTTCCATACAACT-1,_0_
TTGTTTGTGTAAATTC-1,_6_
